display_order,top_level_label,subcategory_id,subcategory_label,function_id,function_label,definition,pilot_core_recommended,cefr_function_level_min_provisional,cefr_function_level_core_provisional,positive_examples,near_miss_examples,common_confusions,decision_rule,do_not_use_when,example_notes,calibration_priority,manual_review_amendment_status,manual_review_evidence_count,manual_review_error_patterns
1,Information and factual communication,1.1,Giving factual information,INF_01,stating_facts,States a factual proposition.,yes,A1,A2,"He knows the ability of players in the league. || Most people, when they are enjoying things, will perform to their best ability.","A very underrated part of his game is his scrambling ability. || Eventually, he gives up his ability to become pharaoh to support the Jewish people. || Research across manufacturing and consumer sectors shows relationships between quality and loyalty. || One standout feature is the ability to roll back firmware versions.",describing_characteristics; evaluating_quality; narrating_events; reporting_past_events; explaining_consequences; reporting_statistics; defining_terms,Use as a last-resort factual label only when the sentence states a simple proposition and no more specific CEFR-derived function fits.,"Do not use for sentences that define terms, evaluate quality or importance, narrate events, report a specific event, explain causes or consequences, describe characteristics/features, give examples, or report statistics. Do not use merely because the sentence is declarative.","Manual review showed that “stating_facts” became a generic fallback. The annotation procedure should first test all more specific reporting, description, narration, explanation, and evaluation labels.",critical,amended_from_manual_diagnostic_batches_v1,7+,generic_fallback_error; declarative_sentence_trap
2,Information and factual communication,1.1,Giving factual information,INF_02,giving_personal_information,"Gives name, age, address, family, background, role or similar personal information.",no,A1,A1,The notice gives personal information for visitors. || The webpage provides clear personal information about the service.,The sentence asks for information rather than giving it. || The sentence evaluates information rather than providing it.,stating_facts; relaying_specific_information; reporting_past_events,"Use when the sentence as a whole communicatively performs this function: Gives name, age, address, family, background, role or similar personal information.",Do not use for a sentence that merely mentions this topic or contains a surface cue; tag the whole-sentence communicative purpose.,Positive examples explicitly perform the named communicative function. Near misses share a surface cue or topic area but should be tagged by the whole-sentence purpose.,standard,not_amended_in_v1,0,
3,Information and factual communication,1.1,Giving factual information,INF_03,giving_practical_information,"Gives times, prices, dates, places, quantities or other practical information.",yes,A1,A1,The notice gives practical information for visitors. || The webpage provides clear practical information about the service.,The population rose by 12% between 2010 and 2019. || The court ruled that the company had broken the law.,reporting_statistics; specifying_details; giving_public_information,"Use when the sentence as a whole communicatively performs this function: Gives times, prices, dates, places, quantities or other practical information.",Do not use for a sentence that merely mentions this topic or contains a surface cue; tag the whole-sentence communicative purpose.,Positive examples explicitly perform the named communicative function. Near misses share a surface cue or topic area but should be tagged by the whole-sentence purpose.,high,not_amended_in_v1,0,
4,Information and factual communication,1.1,Giving factual information,INF_04,giving_public_information,"Gives civic, institutional or public-service information.",no,A1,A2,The notice gives public information for visitors. || The webpage provides clear public information about the service.,The sentence asks for information rather than giving it. || The sentence evaluates information rather than providing it.,stating_facts; relaying_specific_information; reporting_past_events,"Use when the sentence as a whole communicatively performs this function: Gives civic, institutional or public-service information.",Do not use for a sentence that merely mentions this topic or contains a surface cue; tag the whole-sentence communicative purpose.,Positive examples explicitly perform the named communicative function. Near misses share a surface cue or topic area but should be tagged by the whole-sentence purpose.,standard,not_amended_in_v1,0,
5,Information and factual communication,1.1,Giving factual information,INF_05,giving_specialist_information,"Gives technical, academic, professional or field-specific information.",yes,B1,B2,The notice gives specialist information for visitors. || The webpage provides clear specialist information about the service.,The sentence asks for information rather than giving it. || The sentence evaluates information rather than providing it.,stating_facts; relaying_specific_information; reporting_past_events,"Use when the sentence as a whole communicatively performs this function: Gives technical, academic, professional or field-specific information.",Do not use for a sentence that merely mentions this topic or contains a surface cue; tag the whole-sentence communicative purpose.,Positive examples explicitly perform the named communicative function. Near misses share a surface cue or topic area but should be tagged by the whole-sentence purpose.,standard,not_amended_in_v1,0,
6,Information and factual communication,1.1,Giving factual information,INF_06,reporting_results,"Reports results, findings, scores, outcomes or data.",yes,B1,B2,The study found that the treatment reduced pain in most patients. || The exam results showed a clear improvement in reading scores.,"In 2019, the study began at three hospitals. || The report explains why the treatment may work.",reporting_past_events; relaying_specific_information; media_reporting,"Use when the sentence as a whole communicatively performs this function: Reports results, findings, scores, outcomes or data.","Do not use when the sentence only contains a topic cue; check whether narration, description, explanation or evaluation is the main function.",Positive examples explicitly perform the named communicative function. Near misses share a surface cue or topic area but should be tagged by the whole-sentence purpose.,high,not_amended_in_v1,0,
7,Information and factual communication,1.1,Giving factual information,INF_07,reporting_statistics,Gives numerical or statistical information.,yes,B1,B2,"Estimated annual number of HCV infections through vertical transmission increased in the study period. || From a starting number of 128, there have been 120 exits. || Research across manufacturing and consumer sectors shows measurable relationships between quality, loyalty, reputation, and premium pricing.","In 2019, fire crews were called to tackle a suspected arson attack. || Combined with 8 hero abilities, the game offers endless deck-building possibilities. || He managed to rack up a total of 233 appearances during his two spells at the Theatre of Dreams. || Despite a modest box office showing, the film has strong Rotten Tomatoes and audience scores.",reporting_past_events; describing_characteristics; specifying_details; explaining_consequences; contrasting_ideas; evaluating_quality,"Use only when the sentence reports quantitative evidence, statistical findings, rates, estimates, proportions, trends, comparative figures, correlations, research results, or numerical summaries as the main communicative function.","Do not use merely because the sentence contains a year, date, age, time, ranking, score, money amount, single count, technical topic, sports statistic, product number, game feature number, or measurement. If the number is supporting detail inside an event report, description, evaluation, contrast, or explanation, use that function as primary and statistics only as secondary if useful.","Manual review showed both overuse and underuse. The key boundary is whether the sentence is reporting quantitative evidence as its main function, not whether it simply contains numbers.",critical,amended_from_manual_diagnostic_batches_v1,8+,number_trap; technical_topic_trap; statistics_overreach; statistics_underuse
8,Information and factual communication,1.1,Giving factual information,INF_08,reporting_changes,"Reports increases, decreases, developments or changes.",yes,B1,B2,Prices increased sharply during the first half of the year. || The rules changed after the review was completed.,The price is £12.50 for adults. || The meeting took place in 2019.,reporting_past_events; relaying_specific_information; media_reporting,"Use when the sentence as a whole communicatively performs this function: Reports increases, decreases, developments or changes.","Do not use when the sentence only contains a topic cue; check whether narration, description, explanation or evaluation is the main function.",Positive examples explicitly perform the named communicative function. Near misses share a surface cue or topic area but should be tagged by the whole-sentence purpose.,high,not_amended_in_v1,0,
9,Information and factual communication,1.1,Giving factual information,INF_09,identifying_information,"Identifies who, what, where or when.",no,A1,A1,"This sentence identifies who, what, where or when. || The text clearly identifies who, what, where or when.","The sentence only contains a surface cue associated with this label. || A more specific reporting, narration, explanation or evaluation label may fit better.",stating_facts; relaying_specific_information; reporting_past_events,"Use when the sentence as a whole communicatively performs this function: Identifies who, what, where or when.",Do not use for a sentence that merely mentions this topic or contains a surface cue; tag the whole-sentence communicative purpose.,Positive examples explicitly perform the named communicative function. Near misses share a surface cue or topic area but should be tagged by the whole-sentence purpose.,standard,not_amended_in_v1,0,
10,Information and factual communication,1.1,Giving factual information,INF_10,specifying_details,"Adds precise details, limits, conditions or qualifications.",no,A1,A2,"This sentence adds precise details, limits, conditions or qualifications. || The text clearly adds precise details, limits, conditions or qualifications.","The sentence only contains a surface cue associated with this label. || A more specific reporting, narration, explanation or evaluation label may fit better.",stating_facts; relaying_specific_information; reporting_past_events,"Use when the sentence as a whole communicatively performs this function: Adds precise details, limits, conditions or qualifications.",Do not use for a sentence that merely mentions this topic or contains a surface cue; tag the whole-sentence communicative purpose.,Positive examples explicitly perform the named communicative function. Near misses share a surface cue or topic area but should be tagged by the whole-sentence purpose.,standard,not_amended_in_v1,0,
11,Information and factual communication,1.2,Asking for information,INF_11,asking_for_information,Asks for factual information.,no,A1,A1,Could you tell me more about the meeting schedule? || Can you confirm whether the office is open tomorrow?,The sentence gives information rather than asking for it. || The speaker reports that someone asked a question.,giving_practical_information; checking_understanding; asking_for_clarification,Use when the sentence as a whole communicatively performs this function: Asks for factual information.,Do not use for reported questions unless the sentence itself is asking the reader or listener.,Positive examples explicitly perform the named communicative function. Near misses share a surface cue or topic area but should be tagged by the whole-sentence purpose.,standard,not_amended_in_v1,0,
12,Information and factual communication,1.2,Asking for information,INF_12,asking_for_confirmation,Asks whether something is correct.,no,A1,A2,Could you tell me more about the meeting schedule? || Can you confirm whether the office is open tomorrow?,The sentence gives information rather than asking for it. || The speaker reports that someone asked a question.,giving_practical_information; checking_understanding; asking_for_clarification,Use when the sentence as a whole communicatively performs this function: Asks whether something is correct.,Do not use for reported questions unless the sentence itself is asking the reader or listener.,Positive examples explicitly perform the named communicative function. Near misses share a surface cue or topic area but should be tagged by the whole-sentence purpose.,standard,not_amended_in_v1,0,
13,Information and factual communication,1.2,Asking for information,INF_13,asking_for_clarification,Asks someone to explain or make something clearer.,no,A1,A2,Could you tell me more about the meeting schedule? || Can you confirm whether the office is open tomorrow?,The sentence gives information rather than asking for it. || The speaker reports that someone asked a question.,giving_practical_information; checking_understanding; asking_for_clarification,Use when the sentence as a whole communicatively performs this function: Asks someone to explain or make something clearer.,Do not use for reported questions unless the sentence itself is asking the reader or listener.,Positive examples explicitly perform the named communicative function. Near misses share a surface cue or topic area but should be tagged by the whole-sentence purpose.,standard,not_amended_in_v1,0,
14,Information and factual communication,1.2,Asking for information,INF_14,asking_for_details,Asks for more precise information.,no,A1,A2,Could you tell me more about the meeting schedule? || Can you confirm whether the office is open tomorrow?,The sentence gives information rather than asking for it. || The speaker reports that someone asked a question.,giving_practical_information; checking_understanding; asking_for_clarification,Use when the sentence as a whole communicatively performs this function: Asks for more precise information.,Do not use for reported questions unless the sentence itself is asking the reader or listener.,Positive examples explicitly perform the named communicative function. Near misses share a surface cue or topic area but should be tagged by the whole-sentence purpose.,standard,not_amended_in_v1,0,
15,Information and factual communication,1.2,Asking for information,INF_15,asking_for_repetition,Asks someone to repeat something.,no,A1,A1,Could you tell me more about the meeting schedule? || Can you confirm whether the office is open tomorrow?,The sentence gives information rather than asking for it. || The speaker reports that someone asked a question.,giving_practical_information; checking_understanding; asking_for_clarification,Use when the sentence as a whole communicatively performs this function: Asks someone to repeat something.,Do not use for reported questions unless the sentence itself is asking the reader or listener.,Positive examples explicitly perform the named communicative function. Near misses share a surface cue or topic area but should be tagged by the whole-sentence purpose.,standard,not_amended_in_v1,0,
16,Information and factual communication,1.2,Asking for information,INF_16,checking_understanding,Checks that something has been understood.,no,A1,A2,Could you tell me more about the meeting schedule? || Can you confirm whether the office is open tomorrow?,"The sentence only contains a surface cue associated with this label. || A more specific reporting, narration, explanation or evaluation label may fit better.",stating_facts; relaying_specific_information; reporting_past_events,Use when the sentence as a whole communicatively performs this function: Checks that something has been understood.,Do not use for a sentence that merely mentions this topic or contains a surface cue; tag the whole-sentence communicative purpose.,Positive examples explicitly perform the named communicative function. Near misses share a surface cue or topic area but should be tagged by the whole-sentence purpose.,standard,not_amended_in_v1,0,
17,Information and factual communication,1.3,Relaying information,INF_17,relaying_specific_information,Passes on specific information from another source.,yes,A2,B1,"To be clear, this issue does not relate to the Telstra network and does not affect your ability to call triple zero. || The service is available from Monday to Friday.","In 2019, fire crews were called to tackle a suspected arson attack. || He said the policy would change next year.",stating_facts; quoting_or_attributing; reporting_past_events; specifying_details,"Use when the sentence conveys specific practical or situational information to the reader and no more specific reporting, explanation, description, or evaluation label is better.","Do not use as a generic fallback before checking more specific labels. If the sentence mainly clarifies, reports, explains, or attributes, use that function instead.","Manual review suggests this can be a useful fallback for clarification-like information where the taxonomy lacks a more precise clarifying function, but it must remain controlled.",medium,amended_from_manual_diagnostic_batches_v1,1+,fallback_boundary; clarifying_gap
18,Information and factual communication,1.3,Relaying information,INF_18,summarising_information,Gives a shortened version of information.,yes,A2,B1,"In short, the article says that prices rose while demand fell. || The speaker briefly sums up the main points of the discussion.","The sentence only contains a surface cue associated with this label. || A more specific reporting, narration, explanation or evaluation label may fit better.",stating_facts; relaying_specific_information; reporting_past_events,Use when the sentence as a whole communicatively performs this function: Gives a shortened version of information.,Do not use for a sentence that merely mentions this topic or contains a surface cue; tag the whole-sentence communicative purpose.,Positive examples explicitly perform the named communicative function. Near misses share a surface cue or topic area but should be tagged by the whole-sentence purpose.,standard,not_amended_in_v1,0,
19,Information and factual communication,1.3,Relaying information,INF_19,paraphrasing_information,Reformulates information in different words.,no,A2,B1,This sentence reformulates information in different words. || The text clearly reformulates information in different words.,"The sentence only contains a surface cue associated with this label. || A more specific reporting, narration, explanation or evaluation label may fit better.",stating_facts; relaying_specific_information; reporting_past_events,Use when the sentence as a whole communicatively performs this function: Reformulates information in different words.,Do not use for a sentence that merely mentions this topic or contains a surface cue; tag the whole-sentence communicative purpose.,Positive examples explicitly perform the named communicative function. Near misses share a surface cue or topic area but should be tagged by the whole-sentence purpose.,standard,not_amended_in_v1,0,
20,Information and factual communication,1.3,Relaying information,INF_20,reporting_source_information,"Attributes information to a person, text, report or institution.",no,A1,A2,The report says that the source information were recorded yesterday. || Officials reported new source information after the review was completed.,"The sentence only contains a surface cue associated with this label. || A more specific reporting, narration, explanation or evaluation label may fit better.",quoting_or_attributing; relaying_specific_information; extracting_key_information,Use when the main purpose is to identify the source of information or say where information comes from.,"Do not use when the sentence only contains a topic cue; check whether narration, description, explanation or evaluation is the main function.",Positive examples explicitly perform the named communicative function. Near misses share a surface cue or topic area but should be tagged by the whole-sentence purpose.,high,not_amended_in_v1,0,
21,Information and factual communication,1.3,Relaying information,INF_21,extracting_key_information,Selects the main point from a longer text or source.,no,A2,B1,This sentence selects the main point from a longer text or source. || The text clearly selects the main point from a longer text or source.,"The sentence only contains a surface cue associated with this label. || A more specific reporting, narration, explanation or evaluation label may fit better.",stating_facts; relaying_specific_information; reporting_past_events,Use when the sentence as a whole communicatively performs this function: Selects the main point from a longer text or source.,Do not use for a sentence that merely mentions this topic or contains a surface cue; tag the whole-sentence communicative purpose.,Positive examples explicitly perform the named communicative function. Near misses share a surface cue or topic area but should be tagged by the whole-sentence purpose.,standard,not_amended_in_v1,0,
22,Information and factual communication,1.3,Relaying information,INF_22,comparing_information_sources,Compares information from two or more sources.,no,B1,B2,The text compares the two courses and shows how they differ. || It contrasts the old system with the new one.,"The sentence only contains a surface cue associated with this label. || A more specific reporting, narration, explanation or evaluation label may fit better.",stating_facts; relaying_specific_information; reporting_past_events,Use when the sentence as a whole communicatively performs this function: Compares information from two or more sources.,Do not use for a sentence that merely mentions this topic or contains a surface cue; tag the whole-sentence communicative purpose.,Positive examples explicitly perform the named communicative function. Near misses share a surface cue or topic area but should be tagged by the whole-sentence purpose.,standard,not_amended_in_v1,0,
23,"Description, narration and experience",2.1,"Describing people, things and places",DES_01,describing_people,Describes a person or group.,yes,A1,A1,"Carla is a determined and resourceful character. || The consultant is patient, supportive and experienced.","Eventually, he gives up his ability to become pharaoh. || They were all looking up at the 70th-ranked Hojgaard. || We have seen music’s ability to bring people together.",narrating_events; reporting_past_events; evaluating_importance; describing_characteristics,"Use only when the sentence describes a person or group’s identity, role, appearance, personality, stable qualities, or characteristics.","Do not use merely because a person, group, rank, role, or named character is mentioned. Actions, plot developments, events, quotations, and evaluations involving people require a different primary function.",Manual review showed people/entity mentions can wrongly trigger this label. Require actual description of the person/group.,medium,amended_from_manual_diagnostic_batches_v1,3+,entity_mention_trap; wrong_descriptive_subtype
24,"Description, narration and experience",2.1,"Describing people, things and places",DES_02,describing_objects,"Describes an object, product or thing.",no,A1,A1,The article describes the objects of the new community centre. || The notice gives a clear description of its main features.,The sentence narrates what happened rather than describing stable features. || The sentence evaluates the object instead of describing it.,narrating_events; stating_facts; evaluating_quality,"Use when the sentence as a whole communicatively performs this function: Describes an object, product or thing.",Do not use for a sentence that merely mentions this topic or contains a surface cue; tag the whole-sentence communicative purpose.,Positive examples explicitly perform the named communicative function. Near misses share a surface cue or topic area but should be tagged by the whole-sentence purpose.,standard,not_amended_in_v1,0,
25,"Description, narration and experience",2.1,"Describing people, things and places",DES_03,describing_places,"Describes a place, setting or location.",yes,A1,A1,The village sits on a narrow coastal plain below the mountains. || The stadium has steep stands and a covered roof.,Either giving in to the CFMEU or declaring access rights was not their problem. || Estimated annual number of HCV infections increased. || Fire crews were called to an outbuilding.,reporting_past_events; reporting_statistics; expressing_alternative; describing_conditions,"Use only when the sentence describes a place, setting, location, spatial layout, environment, or physical surroundings.","Do not use merely because a location, site, building, country, institution, stadium, city, or place name is mentioned. If the place is only the setting for an event, report the event instead.",Manual review showed place mentions and site-access topics can incorrectly trigger this label. Require actual place description.,medium,amended_from_manual_diagnostic_batches_v1,2+,place_mention_trap; wrong_descriptive_subtype
26,"Description, narration and experience",2.1,"Describing people, things and places",DES_04,describing_appearance,Describes visual appearance.,no,A1,A1,The article describes the appearance of the new community centre. || The notice gives a clear description of its main features.,The sentence narrates what happened rather than describing stable features. || The sentence evaluates the object instead of describing it.,narrating_events; stating_facts; evaluating_quality,Use when the sentence as a whole communicatively performs this function: Describes visual appearance.,Do not use for a sentence that merely mentions this topic or contains a surface cue; tag the whole-sentence communicative purpose.,Positive examples explicitly perform the named communicative function. Near misses share a surface cue or topic area but should be tagged by the whole-sentence purpose.,standard,not_amended_in_v1,0,
27,"Description, narration and experience",2.1,"Describing people, things and places",DES_05,describing_characteristics,"Describes qualities, features or properties.",yes,A1,A2,"Combined with 8 hero abilities, the game offers endless deck-building possibilities. || The Pro plan includes 240 channels, unlimited cloud DVR space, and the ability to watch on unlimited screens. || One standout feature is the ability to roll back firmware versions. || She has the ability to summon various types of enemies.","His reading of the game and ability to spot an opening is impressive. || It is the hallmark of incredible songwriting ability. || Eventually, he gives up his ability to become pharaoh.",stating_facts; evaluating_quality; reporting_statistics; narrating_events; describing_people; describing_places,"Use when the sentence describes qualities, features, properties, capabilities, or characteristics of a person, object, product, system, game, class, service, or situation.","Do not use when the sentence explicitly evaluates quality or importance, narrates an event, reports a past action, or primarily gives statistical evidence. A number inside a feature list is usually feature description, not reporting_statistics.","Manual review showed this label is the closest valid CEFR-derived choice for product/game/system feature descriptions, but it must not swallow evaluation or narration.",high,amended_from_manual_diagnostic_batches_v1,8+,feature_description_missed; number_trap; description_vs_evaluation
28,"Description, narration and experience",2.1,"Describing people, things and places",DES_06,describing_conditions,"Describes state, condition or circumstances.",no,A1,A2,The article describes the conditions of the new community centre. || The notice gives a clear description of its main features.,The sentence narrates what happened rather than describing stable features. || The sentence evaluates the object instead of describing it.,narrating_events; stating_facts; evaluating_quality,"Use when the sentence as a whole communicatively performs this function: Describes state, condition or circumstances.",Do not use for a sentence that merely mentions this topic or contains a surface cue; tag the whole-sentence communicative purpose.,Positive examples explicitly perform the named communicative function. Near misses share a surface cue or topic area but should be tagged by the whole-sentence purpose.,standard,not_amended_in_v1,0,
29,"Description, narration and experience",2.1,"Describing people, things and places",DES_07,describing_routines,"Describes habits, routines or repeated actions.",no,A1,A2,The article describes the routines of the new community centre. || The notice gives a clear description of its main features.,The sentence narrates what happened rather than describing stable features. || The sentence evaluates the object instead of describing it.,narrating_events; stating_facts; evaluating_quality,"Use when the sentence as a whole communicatively performs this function: Describes habits, routines or repeated actions.",Do not use for a sentence that merely mentions this topic or contains a surface cue; tag the whole-sentence communicative purpose.,Positive examples explicitly perform the named communicative function. Near misses share a surface cue or topic area but should be tagged by the whole-sentence purpose.,standard,not_amended_in_v1,0,
30,"Description, narration and experience",2.1,"Describing people, things and places",DES_08,describing_processes,Describes how something happens or works.,yes,A2,B1,The article describes the processes of the new community centre. || The notice gives a clear description of its main features.,The sentence narrates what happened rather than describing stable features. || The sentence evaluates the object instead of describing it.,narrating_events; stating_facts; evaluating_quality,Use when the sentence as a whole communicatively performs this function: Describes how something happens or works.,Do not use for a sentence that merely mentions this topic or contains a surface cue; tag the whole-sentence communicative purpose.,Positive examples explicitly perform the named communicative function. Near misses share a surface cue or topic area but should be tagged by the whole-sentence purpose.,standard,not_amended_in_v1,0,
31,"Description, narration and experience",2.2,Narrating events and experiences,NAR_01,narrating_events,Recounts an event or sequence of events.,yes,A2,B1,"Eventually, he gives up his ability to become pharaoh to support the Jewish people. || Later on, Carla confides in Ryan that she is planning to propose to Lisa and Ryan is thrilled. || Pagano was tagged in, hit a double facebuster, and gave Angel the ability to kick the brawler.","It is a hard to grasp number, but the claims here are very much backed up. || The ability to accelerate masses offers opportunities to study physics. || The Pro plan includes 240 channels and unlimited cloud DVR space.",reporting_past_events; stating_facts; evaluating_quality; explaining_consequences; describing_characteristics; summarising_creative_text,"Use when the sentence recounts fictional, story-world, biographical, personal-history, game, TV, film, wrestling/action, or plot-like events or sequences.","Do not use merely because the sentence mentions a game, story, film, character, historical context, or creative work. If the sentence evaluates a claim, describes features, explains a consequence, or reports real-world news, choose that function instead.","Manual review showed narration was often missed in plot/action sequences, but it can also be overused for non-event evaluation. High confidence requires clear event predicates or a sequence of happenings.",high,amended_from_manual_diagnostic_batches_v1,6+,narrative_missed; game_story_context_trap
32,"Description, narration and experience",2.2,Narrating events and experiences,NAR_02,narrating_personal_experience,Describes personal experience.,no,A1,B1,"After the storm began, the family left the house and found shelter nearby. || She opened the letter, read the message, and called her brother.","The sentence only contains a surface cue associated with this label. || A more specific reporting, narration, explanation or evaluation label may fit better.",stating_facts; relaying_specific_information; reporting_past_events,Use when the sentence as a whole communicatively performs this function: Describes personal experience.,Do not use for a sentence that merely mentions this topic or contains a surface cue; tag the whole-sentence communicative purpose.,Positive examples explicitly perform the named communicative function. Near misses share a surface cue or topic area but should be tagged by the whole-sentence purpose.,standard,not_amended_in_v1,0,
33,"Description, narration and experience",2.2,Narrating events and experiences,NAR_03,reporting_past_events,Reports something that happened.,yes,A2,B1,"In 2019, fire crews were called to tackle a suspected arson attack. || Chinese AI developer DeepSeek has unveiled its latest model. || SAG-AFTRA sought language that protected its members’ ability to prevent replicas being used.","Eventually, he gives up his ability to become pharaoh to support the Jewish people. || The district’s failure to repurpose these properties has created distrust. || His reading of the game and ability to spot an opening is impressive.",narrating_events; explaining_consequences; evaluating_quality; reporting_statistics; quoting_or_attributing,"Use when the sentence reports a real-world past event, action, incident, announcement, intervention, decision, or development in a factual/news-like style.","Do not use for fictional or plot-summary event sequences, which usually take narrating_events. Do not use when the main function is explanation, evaluation, contrast, or statistics and the past event is only background.","Manual review showed that real event reporting and fictional/action narration need to remain separate. Dates are time references, not statistics.",high,amended_from_manual_diagnostic_batches_v1,8+,event_reporting_vs_narration; date_statistics_trap
34,"Description, narration and experience",2.2,Narrating events and experiences,NAR_04,sequencing_events,Places events in order.,yes,A2,B1,This sentence places events in order. || The text clearly places events in order.,"The sentence only contains a surface cue associated with this label. || A more specific reporting, narration, explanation or evaluation label may fit better.",stating_facts; relaying_specific_information; reporting_past_events,Use when the sentence as a whole communicatively performs this function: Places events in order.,Do not use for a sentence that merely mentions this topic or contains a surface cue; tag the whole-sentence communicative purpose.,Positive examples explicitly perform the named communicative function. Near misses share a surface cue or topic area but should be tagged by the whole-sentence purpose.,standard,not_amended_in_v1,0,
35,"Description, narration and experience",2.2,Narrating events and experiences,NAR_05,temporal_backgrounding,"Gives time background such as before, after, during or recently.",yes,A2,B1,"This sentence gives time background such as before, after, during or recently. || The text clearly gives time background such as before, after, during or recently.","The sentence only contains a surface cue associated with this label. || A more specific reporting, narration, explanation or evaluation label may fit better.",stating_facts; relaying_specific_information; reporting_past_events,"Use when the sentence as a whole communicatively performs this function: Gives time background such as before, after, during or recently.",Do not use for a sentence that merely mentions this topic or contains a surface cue; tag the whole-sentence communicative purpose.,Positive examples explicitly perform the named communicative function. Near misses share a surface cue or topic area but should be tagged by the whole-sentence purpose.,standard,not_amended_in_v1,0,
36,"Description, narration and experience",2.2,Narrating events and experiences,NAR_06,setting_the_scene,"Establishes situation, background or context.",no,B1,B1,"This sentence establishes situation, background or context. || The text clearly establishes situation, background or context.","The sentence only contains a surface cue associated with this label. || A more specific reporting, narration, explanation or evaluation label may fit better.",stating_facts; relaying_specific_information; reporting_past_events,"Use when the sentence as a whole communicatively performs this function: Establishes situation, background or context.",Do not use for a sentence that merely mentions this topic or contains a surface cue; tag the whole-sentence communicative purpose.,Positive examples explicitly perform the named communicative function. Near misses share a surface cue or topic area but should be tagged by the whole-sentence purpose.,standard,not_amended_in_v1,0,
37,"Description, narration and experience",2.2,Narrating events and experiences,NAR_07,describing_change_over_time,Describes development across time.,no,A2,B1,The article describes the change over time of the new community centre. || The notice gives a clear description of its main features.,The meeting took place in 2019. || The office is open from 9 to 5.,reporting_changes; reporting_statistics; sequencing_events,Use when the sentence as a whole communicatively performs this function: Describes development across time.,Do not use for a sentence that merely mentions this topic or contains a surface cue; tag the whole-sentence communicative purpose.,Positive examples explicitly perform the named communicative function. Near misses share a surface cue or topic area but should be tagged by the whole-sentence purpose.,high,not_amended_in_v1,0,
38,"Description, narration and experience",2.2,Narrating events and experiences,NAR_08,projecting_future_events,"Describes expected, planned or predicted future events.",no,B1,B1,"By then, hundreds of geriatricians are expected to retire. || With only one person staffing the line, it is feared the ability to respond to calls will be hampered.","Most people, when they are enjoying things, will perform to their best ability. || Your body improves its ability to get energy from carbohydrates.",stating_facts; explaining_consequences; reporting_past_events; expressing_opinion,"Use when the sentence describes a specific expected, planned, feared, scheduled, predicted, or projected future event, change, or outcome.","Do not use merely because the sentence contains “will”. Generic or habitual “will” usually expresses a generalisation or fact, not future projection.","Manual review found a modal-will trap. Future projection requires a specific future event or anticipated outcome, not general tendency.",high,amended_from_manual_diagnostic_batches_v1,3+,modal_will_trap; future_projection_boundary
39,"Explanation, reasoning and argumentation",3.1,Explaining,EXP_01,explaining_causes,Explains why something happened.,yes,B1,B1,"The United States is not hobbled by foreign competition, but rather by domestic regulations. || The problem was caused by a failure to maintain the system.","Although there was an awkward moment, a member of the audience said she blamed another person. || This limits its ability to flag risks early.",contrasting_ideas; reporting_past_events; explaining_consequences; quoting_or_attributing,"Use when the sentence primarily identifies why something happened or what caused a situation, problem, outcome, or evaluation.","Do not use merely because a causal connector appears. If the sentence mainly reports an event or narrates a story, keep that function primary and use cause as secondary if needed.",Manual review showed “not...but rather...” can mark contrast while the main function is identifying cause.,medium,amended_from_manual_diagnostic_batches_v1,3+,cause_vs_contrast; causal_connector_trap
40,"Explanation, reasoning and argumentation",3.1,Explaining,EXP_02,explaining_reasons,"Gives reasons for an action, view or decision.",yes,A2,B1,She left early because she had another appointment. || The team chose this method because it was cheaper and faster.,She left early and arrived home before dinner. || The team announced its decision on Monday.,explaining_causes; justifying_opinion; reporting_past_events,"Use when the sentence as a whole communicatively performs this function: Gives reasons for an action, view or decision.","Do not use just because the sentence contains because, so, as, to or a result phrase if the main function is reporting or narrating events.",Positive examples explicitly perform the named communicative function. Near misses share a surface cue or topic area but should be tagged by the whole-sentence purpose.,high,not_amended_in_v1,0,
41,"Explanation, reasoning and argumentation",3.1,Explaining,EXP_03,explaining_purpose,Explains what something is for.,no,A2,B1,The guide explains the purpose behind the change. || This happens because several conditions affect the process.,The sentence reports what happened but does not explain why or how. || The sentence contains 'because' as a detail but the main purpose is event reporting.,reporting_past_events; describing_processes; expressing_cause_effect,Use when the sentence as a whole communicatively performs this function: Explains what something is for.,"Do not use just because the sentence contains because, so, as, to or a result phrase if the main function is reporting or narrating events.",Positive examples explicitly perform the named communicative function. Near misses share a surface cue or topic area but should be tagged by the whole-sentence purpose.,standard,not_amended_in_v1,0,
42,"Explanation, reasoning and argumentation",3.1,Explaining,EXP_04,explaining_processes,Explains how something works.,yes,A2,B1,The guide explains the processes behind the change. || This happens because several conditions affect the process.,The sentence reports what happened but does not explain why or how. || The sentence contains 'because' as a detail but the main purpose is event reporting.,reporting_past_events; describing_processes; expressing_cause_effect,Use when the sentence as a whole communicatively performs this function: Explains how something works.,"Do not use just because the sentence contains because, so, as, to or a result phrase if the main function is reporting or narrating events.",Positive examples explicitly perform the named communicative function. Near misses share a surface cue or topic area but should be tagged by the whole-sentence purpose.,standard,not_amended_in_v1,0,
43,"Explanation, reasoning and argumentation",3.1,Explaining,EXP_05,explaining_consequences,Explains results or effects.,yes,B1,B1,The district’s failure to repurpose these properties has created distrust. || This limits its ability to flag risks early. || The ability to accelerate masses offers opportunities to study physics.,"In 2019, fire crews were called to tackle a suspected arson attack. || Eventually, he gives up his ability to become pharaoh to support the Jewish people.",reporting_past_events; narrating_events; stating_facts; explaining_causes; contrasting_ideas,"Use when the sentence primarily states a result, effect, outcome, impact, limitation, or consequence of a prior condition, action, feature, or cause.","Do not use as primary if the consequence is only secondary inside a narrative or event report. In those cases, use narration/reporting as primary and consequence as secondary.","Manual review showed consequence relations should sometimes be primary, especially when the sentence is organised around created, limited, allowed, enabled, led to, or resulted in.",high,amended_from_manual_diagnostic_batches_v1,6+,consequence_missed; event_over_explanation
44,"Explanation, reasoning and argumentation",3.1,Explaining,EXP_06,explaining_conditions,Explains conditions under which something applies.,no,B1,B1,"If you treat failure as feedback, it creates the ability to bounce back stronger. || This is worse where there is background noise, hampering his ability to take part in social activities.","Most people, when they are enjoying things, will perform to their best ability. || In 2019, fire crews were called to tackle a suspected arson attack.",stating_facts; explaining_consequences; reporting_past_events; quoting_or_attributing,"Use when the sentence primarily sets out conditions under which something happens, applies, becomes possible, becomes worse, or has a consequence.","Do not use merely because the sentence contains “when”, “where”, or “if”; use it only when the conditional relationship is central to the sentence function.",Manual review identified clear conditional-explanation cases that had been misread as attribution or facts.,medium,amended_from_manual_diagnostic_batches_v1,3+,conditional_relation_missed; quotation_mark_trap
45,"Explanation, reasoning and argumentation",3.1,Explaining,EXP_07,explaining_problems,Explains a problem or difficulty.,no,A2,B1,The guide explains the problems behind the change. || This happens because several conditions affect the process.,The sentence reports what happened but does not explain why or how. || The sentence contains 'because' as a detail but the main purpose is event reporting.,reporting_past_events; describing_processes; expressing_cause_effect,Use when the sentence as a whole communicatively performs this function: Explains a problem or difficulty.,"Do not use just because the sentence contains because, so, as, to or a result phrase if the main function is reporting or narrating events.",Positive examples explicitly perform the named communicative function. Near misses share a surface cue or topic area but should be tagged by the whole-sentence purpose.,standard,not_amended_in_v1,0,
46,"Explanation, reasoning and argumentation",3.1,Explaining,EXP_08,explaining_solutions,Explains how a problem can be solved.,no,A2,B1,The guide explains the solutions behind the change. || This happens because several conditions affect the process.,The sentence reports what happened but does not explain why or how. || The sentence contains 'because' as a detail but the main purpose is event reporting.,reporting_past_events; describing_processes; expressing_cause_effect,Use when the sentence as a whole communicatively performs this function: Explains how a problem can be solved.,"Do not use just because the sentence contains because, so, as, to or a result phrase if the main function is reporting or narrating events.",Positive examples explicitly perform the named communicative function. Near misses share a surface cue or topic area but should be tagged by the whole-sentence purpose.,standard,not_amended_in_v1,0,
47,"Explanation, reasoning and argumentation",3.1,Explaining,EXP_09,defining_terms,"Defines a word, idea or concept.",yes,A2,B1,"This sentence defines a word, idea or concept. || The text clearly defines a word, idea or concept.","The sentence only contains a surface cue associated with this label. || A more specific reporting, narration, explanation or evaluation label may fit better.",stating_facts; relaying_specific_information; reporting_past_events,"Use when the sentence as a whole communicatively performs this function: Defines a word, idea or concept.",Do not use for a sentence that merely mentions this topic or contains a surface cue; tag the whole-sentence communicative purpose.,Positive examples explicitly perform the named communicative function. Near misses share a surface cue or topic area but should be tagged by the whole-sentence purpose.,standard,not_amended_in_v1,0,
48,"Explanation, reasoning and argumentation",3.1,Explaining,EXP_10,exemplifying,Gives an example.,yes,A2,B1,"Several terrains were tested, including grass fields, rocky paths and varying inclines. || The plan covers a range of services, for example support calls, representation and training.","The team implemented their system and tested its abilities in several complex terrains, including grass fields, rocky paths and varying inclines.",reporting_past_events; specifying_details; describing_characteristics; relaying_specific_information,"Use as primary only when the sentence’s main communicative purpose is to provide examples that illustrate a category, point, claim, or explanation.","Do not use as primary merely because the sentence contains “including”, examples, lists, or parenthetical details. If the sentence mainly reports an event, describes features, or specifies details, use that primary function and treat exemplification as secondary if needed.",Manual review showed “including” can trigger over-tagging. Examples inside an event report or feature list are usually secondary.,high,amended_from_manual_diagnostic_batches_v1,2+,exemplification_marker_trap; discourse_promoted_to_primary
49,"Explanation, reasoning and argumentation",3.2,Arguing and justifying,ARG_01,making_claims,Makes a claim or assertion.,yes,B1,B2,The article argues that stronger regulation is needed. || The author claims that the policy will improve access.,It may be your secret weapon. || I do not think those problems caused the assault on schools’ ability to educate.,evaluating_quality; expressing_opinion; quoting_or_attributing; stating_facts,"Use when the sentence advances a claim in an argument, rather than merely expressing personal opinion, promotional evaluation, or attribution.","Do not use for promotional/evaluative wording where the main communicative force is quality evaluation, or for first-person opinion if expressing_opinion is more precise.",Manual review found making_claims could be too broad for promotional/evaluative sentences.,medium,amended_from_manual_diagnostic_batches_v1,1+,claim_vs_evaluation
50,"Explanation, reasoning and argumentation",3.2,Arguing and justifying,ARG_02,supporting_claims,Gives support for a claim.,yes,B1,B2,This sentence gives support for a claim. || The text clearly gives support for a claim.,"The sentence only contains a surface cue associated with this label. || A more specific reporting, narration, explanation or evaluation label may fit better.",stating_facts; relaying_specific_information; reporting_past_events,Use when the sentence as a whole communicatively performs this function: Gives support for a claim.,Do not use for a sentence that merely mentions this topic or contains a surface cue; tag the whole-sentence communicative purpose.,Positive examples explicitly perform the named communicative function. Near misses share a surface cue or topic area but should be tagged by the whole-sentence purpose.,standard,not_amended_in_v1,0,
51,"Explanation, reasoning and argumentation",3.2,Arguing and justifying,ARG_03,justifying_opinion,Gives justification for an opinion.,yes,B1,B2,This sentence gives justification for an opinion. || The text clearly gives justification for an opinion.,"The sentence only contains a surface cue associated with this label. || A more specific reporting, narration, explanation or evaluation label may fit better.",stating_facts; relaying_specific_information; reporting_past_events,Use when the sentence as a whole communicatively performs this function: Gives justification for an opinion.,Do not use for a sentence that merely mentions this topic or contains a surface cue; tag the whole-sentence communicative purpose.,Positive examples explicitly perform the named communicative function. Near misses share a surface cue or topic area but should be tagged by the whole-sentence purpose.,standard,not_amended_in_v1,0,
52,"Explanation, reasoning and argumentation",3.2,Arguing and justifying,ARG_04,developing_argument,Develops a line of argument.,yes,B2,B2,This sentence develops a line of argument. || The text clearly develops a line of argument.,"The sentence only contains a surface cue associated with this label. || A more specific reporting, narration, explanation or evaluation label may fit better.",stating_facts; relaying_specific_information; reporting_past_events,Use when the sentence as a whole communicatively performs this function: Develops a line of argument.,Do not use for a sentence that merely mentions this topic or contains a surface cue; tag the whole-sentence communicative purpose.,Positive examples explicitly perform the named communicative function. Near misses share a surface cue or topic area but should be tagged by the whole-sentence purpose.,standard,not_amended_in_v1,0,
53,"Explanation, reasoning and argumentation",3.2,Arguing and justifying,ARG_05,contrasting_ideas,"Contrasts two ideas, positions or facts.",yes,B1,B2,"The United States is not hobbled by foreign competition, but rather by domestic regulations. || Despite a modest box office showing, the film enchanted critics and viewers.","The district’s failure to repurpose these properties has created distrust. || This limits its ability to flag risks early. || The team implemented its system and tested it on several terrains, including grass fields and rocky paths.",explaining_causes; explaining_consequences; reporting_past_events; reporting_statistics; exemplifying; expressing_contrast,"Use as primary only when the sentence’s main communicative purpose is to contrast two ideas, positions, facts, explanations, or outcomes.","Do not use as primary merely because the sentence contains “but”, “however”, “despite”, “not...but rather”, or another contrast marker. If the sentence mainly explains a cause, reports an event, evaluates quality, or describes features, use that primary function and make contrast secondary if needed.",Manual review showed discourse relations were often promoted to primary. Contrast is primary only when the contrast itself is the communicative point.,high,amended_from_manual_diagnostic_batches_v1,5+,discourse_promoted_to_primary; contrast_marker_trap
54,"Explanation, reasoning and argumentation",3.2,Arguing and justifying,ARG_06,conceding_points,Acknowledges a counterpoint or limitation.,no,B2,B2,This sentence acknowledges a counterpoint or limitation. || The text clearly acknowledges a counterpoint or limitation.,"The sentence only contains a surface cue associated with this label. || A more specific reporting, narration, explanation or evaluation label may fit better.",stating_facts; relaying_specific_information; reporting_past_events,Use when the sentence as a whole communicatively performs this function: Acknowledges a counterpoint or limitation.,Do not use for a sentence that merely mentions this topic or contains a surface cue; tag the whole-sentence communicative purpose.,Positive examples explicitly perform the named communicative function. Near misses share a surface cue or topic area but should be tagged by the whole-sentence purpose.,standard,not_amended_in_v1,0,
55,"Explanation, reasoning and argumentation",3.2,Arguing and justifying,ARG_07,counterarguing,Argues against another position.,no,B2,B2,This sentence argues against another position. || The text clearly argues against another position.,"The sentence only contains a surface cue associated with this label. || A more specific reporting, narration, explanation or evaluation label may fit better.",stating_facts; relaying_specific_information; reporting_past_events,Use when the sentence as a whole communicatively performs this function: Argues against another position.,Do not use for a sentence that merely mentions this topic or contains a surface cue; tag the whole-sentence communicative purpose.,Positive examples explicitly perform the named communicative function. Near misses share a surface cue or topic area but should be tagged by the whole-sentence purpose.,standard,not_amended_in_v1,0,
56,"Explanation, reasoning and argumentation",3.2,Arguing and justifying,ARG_08,drawing_conclusions,Draws a conclusion from information.,yes,B1,B2,This sentence draws a conclusion from information. || The text clearly draws a conclusion from information.,"The sentence only contains a surface cue associated with this label. || A more specific reporting, narration, explanation or evaluation label may fit better.",stating_facts; relaying_specific_information; reporting_past_events,Use when the sentence as a whole communicatively performs this function: Draws a conclusion from information.,Do not use for a sentence that merely mentions this topic or contains a surface cue; tag the whole-sentence communicative purpose.,Positive examples explicitly perform the named communicative function. Near misses share a surface cue or topic area but should be tagged by the whole-sentence purpose.,standard,not_amended_in_v1,0,
57,"Explanation, reasoning and argumentation",3.2,Arguing and justifying,ARG_09,hypothesising,Presents a hypothetical situation.,no,B1,B2,This sentence presents a hypothetical situation. || The text clearly presents a hypothetical situation.,"The sentence only contains a surface cue associated with this label. || A more specific reporting, narration, explanation or evaluation label may fit better.",stating_facts; relaying_specific_information; reporting_past_events,Use when the sentence as a whole communicatively performs this function: Presents a hypothetical situation.,Do not use for a sentence that merely mentions this topic or contains a surface cue; tag the whole-sentence communicative purpose.,Positive examples explicitly perform the named communicative function. Near misses share a surface cue or topic area but should be tagged by the whole-sentence purpose.,standard,not_amended_in_v1,0,
58,"Explanation, reasoning and argumentation",3.2,Arguing and justifying,ARG_10,weighing_options,Compares possible choices or courses of action.,no,B2,B2,This sentence compares possible choices or courses of action. || The text clearly compares possible choices or courses of action.,"The sentence only contains a surface cue associated with this label. || A more specific reporting, narration, explanation or evaluation label may fit better.",stating_facts; relaying_specific_information; reporting_past_events,Use when the sentence as a whole communicatively performs this function: Compares possible choices or courses of action.,Do not use for a sentence that merely mentions this topic or contains a surface cue; tag the whole-sentence communicative purpose.,Positive examples explicitly perform the named communicative function. Near misses share a surface cue or topic area but should be tagged by the whole-sentence purpose.,standard,not_amended_in_v1,0,
59,"Opinion, attitude and evaluation",4.1,Expressing views,EVA_01,expressing_opinion,Gives an opinion.,yes,A2,B1,I do not think those problems led to the assault on schools’ ability to educate students. || I have not read about them being a problem despite reading widely on the topic.,He said the policy would change. || Doctors told him his symptoms would get worse.,quoting_or_attributing; stating_facts; making_claims; explaining_reasons,"Use when the speaker/writer states a personal opinion, belief, stance, judgement, or view.","Do not use for attributed claims where another source is the focus. Conversely, do not use quoting_or_attributing for first-person stance unless the sentence is explicitly reporting someone else’s words.",Manual review showed first-person stance was sometimes misread as attribution.,medium,amended_from_manual_diagnostic_batches_v1,3+,first_person_opinion_trap; attribution_overreach
60,"Opinion, attitude and evaluation",4.1,Expressing views,EVA_02,expressing_preference,Says what someone prefers.,no,A2,B1,"I preference that this is the best option for now. || Personally, I feel preference about the proposal.",The sentence reports someone else's feeling without expressing it directly. || The sentence describes an emotional event but gives no stance.,evaluating_quality; expressing_personal_response; reporting_past_events,Use when the sentence as a whole communicatively performs this function: Says what someone prefers.,Do not use merely because the topic is emotional or value-laden; the sentence must actually express stance or evaluation.,Positive examples explicitly perform the named communicative function. Near misses share a surface cue or topic area but should be tagged by the whole-sentence purpose.,standard,not_amended_in_v1,0,
61,"Opinion, attitude and evaluation",4.1,Expressing views,EVA_03,expressing_agreement,Agrees with someone or something.,no,A2,B1,"I agreement that this is the best option for now. || Personally, I feel agreement about the proposal.",The sentence reports someone else's feeling without expressing it directly. || The sentence describes an emotional event but gives no stance.,evaluating_quality; expressing_personal_response; reporting_past_events,Use when the sentence as a whole communicatively performs this function: Agrees with someone or something.,Do not use merely because the topic is emotional or value-laden; the sentence must actually express stance or evaluation.,Positive examples explicitly perform the named communicative function. Near misses share a surface cue or topic area but should be tagged by the whole-sentence purpose.,standard,not_amended_in_v1,0,
62,"Opinion, attitude and evaluation",4.1,Expressing views,EVA_04,expressing_disagreement,Disagrees with someone or something.,no,A2,B1,"I disagreement that this is the best option for now. || Personally, I feel disagreement about the proposal.",The sentence reports someone else's feeling without expressing it directly. || The sentence describes an emotional event but gives no stance.,evaluating_quality; expressing_personal_response; reporting_past_events,Use when the sentence as a whole communicatively performs this function: Disagrees with someone or something.,Do not use merely because the topic is emotional or value-laden; the sentence must actually express stance or evaluation.,Positive examples explicitly perform the named communicative function. Near misses share a surface cue or topic area but should be tagged by the whole-sentence purpose.,standard,not_amended_in_v1,0,
63,"Opinion, attitude and evaluation",4.1,Expressing views,EVA_05,expressing_doubt,Shows uncertainty or doubt.,no,A2,B1,"I doubt that this is the best option for now. || Personally, I feel doubt about the proposal.",The sentence reports someone else's feeling without expressing it directly. || The sentence describes an emotional event but gives no stance.,evaluating_quality; expressing_personal_response; reporting_past_events,Use when the sentence as a whole communicatively performs this function: Shows uncertainty or doubt.,Do not use merely because the topic is emotional or value-laden; the sentence must actually express stance or evaluation.,Positive examples explicitly perform the named communicative function. Near misses share a surface cue or topic area but should be tagged by the whole-sentence purpose.,standard,not_amended_in_v1,0,
64,"Opinion, attitude and evaluation",4.1,Expressing views,EVA_06,expressing_certainty,Shows certainty.,no,A2,B1,"I certainty that this is the best option for now. || Personally, I feel certainty about the proposal.",The sentence reports someone else's feeling without expressing it directly. || The sentence describes an emotional event but gives no stance.,evaluating_quality; expressing_personal_response; reporting_past_events,Use when the sentence as a whole communicatively performs this function: Shows certainty.,Do not use merely because the topic is emotional or value-laden; the sentence must actually express stance or evaluation.,Positive examples explicitly perform the named communicative function. Near misses share a surface cue or topic area but should be tagged by the whole-sentence purpose.,standard,not_amended_in_v1,0,
65,"Opinion, attitude and evaluation",4.1,Expressing views,EVA_07,expressing_belief,States belief or assumption.,no,A2,B1,"I belief that this is the best option for now. || Personally, I feel belief about the proposal.",The sentence reports someone else's feeling without expressing it directly. || The sentence describes an emotional event but gives no stance.,evaluating_quality; expressing_personal_response; reporting_past_events,Use when the sentence as a whole communicatively performs this function: States belief or assumption.,Do not use merely because the topic is emotional or value-laden; the sentence must actually express stance or evaluation.,Positive examples explicitly perform the named communicative function. Near misses share a surface cue or topic area but should be tagged by the whole-sentence purpose.,standard,not_amended_in_v1,0,
66,"Opinion, attitude and evaluation",4.1,Expressing views,EVA_08,expressing_intention,States intention or plan.,no,A2,B1,"I intention that this is the best option for now. || Personally, I feel intention about the proposal.",The sentence reports someone else's feeling without expressing it directly. || The sentence describes an emotional event but gives no stance.,evaluating_quality; expressing_personal_response; reporting_past_events,Use when the sentence as a whole communicatively performs this function: States intention or plan.,Do not use merely because the topic is emotional or value-laden; the sentence must actually express stance or evaluation.,Positive examples explicitly perform the named communicative function. Near misses share a surface cue or topic area but should be tagged by the whole-sentence purpose.,standard,not_amended_in_v1,0,
67,"Opinion, attitude and evaluation",4.2,Evaluating,EVA_09,evaluating_quality,"Judges quality, value or usefulness.",yes,A2,B1,A very underrated part of his game is his scrambling ability. || His reading of the game and ability to spot an opening is impressive. || It is the hallmark of Waits’ incredible songwriting ability. || It may be your secret weapon.,The Pro plan includes 240 channels and unlimited cloud DVR space. || He knows the ability of players in the league. || Doctors told him his symptoms would get worse.,stating_facts; describing_characteristics; reporting_past_events; evaluating_importance; making_claims,"Use when the sentence explicitly evaluates quality, merit, effectiveness, excellence, weakness, impressiveness, or value of a person, object, ability, text, product, performance, or action.",Do not use for neutral feature description without evaluative language. Do not use merely because something sounds positive or important unless the sentence explicitly evaluates quality.,"Manual review found repeated missed evaluation. Triggers include “underrated”, “incredible”, “impressive”, “unsettling brilliance”, “secret weapon”, “even more impressive”.",high,amended_from_manual_diagnostic_batches_v1,8+,evaluation_missed; description_vs_evaluation
68,"Opinion, attitude and evaluation",4.2,Evaluating,EVA_10,evaluating_importance,Says how important something is.,yes,A2,B1,"It is an important part, but as an employer I am looking beyond ability to do the task. || The support and friendships she developed were crucial to her success. || Beyond the number, what matters more importantly is the effect on access.","Choosing to kill himself, the host ended the Spider Wars. || Eventually, he gives up his ability to become pharaoh. || In 2019, fire crews were called to tackle a suspected arson attack.",narrating_events; reporting_past_events; evaluating_quality; stating_facts; explaining_consequences,"Use only when the sentence explicitly evaluates importance, significance, relevance, priority, seriousness, centrality, or impact.","Do not use merely because the sentence describes an important, dramatic, emotional, violent, consequential, historical, or central event. Consequential plot or news events are not automatically evaluations of importance.","Manual review confirmed the need to distinguish explicit importance language from merely important content. Look for “important”, “crucial”, “more importantly”, “significant”, or equivalent evaluation.",high,amended_from_manual_diagnostic_batches_v1,5+,evaluation_overreach; importance_missed
69,"Opinion, attitude and evaluation",4.2,Evaluating,EVA_11,evaluating_success,Judges success or failure.,no,A2,B1,This plan is highly success for the success of the project. || The report assesses the success of the proposed solution.,The sentence describes a situation without judging it. || The sentence reports an event but gives no assessment.,expressing_opinion; analysing_information; reporting_past_events,Use when the sentence as a whole communicatively performs this function: Judges success or failure.,Do not use merely because the topic is emotional or value-laden; the sentence must actually express stance or evaluation.,Positive examples explicitly perform the named communicative function. Near misses share a surface cue or topic area but should be tagged by the whole-sentence purpose.,standard,not_amended_in_v1,0,
70,"Opinion, attitude and evaluation",4.2,Evaluating,EVA_12,evaluating_risk,"Evaluates danger, risk or uncertainty.",yes,A2,B1,This plan is highly risk for the success of the project. || The report assesses the risk of the proposed solution.,The sentence describes a situation without judging it. || The sentence reports an event but gives no assessment.,expressing_opinion; analysing_information; reporting_past_events,"Use when the sentence as a whole communicatively performs this function: Evaluates danger, risk or uncertainty.",Do not use merely because the topic is emotional or value-laden; the sentence must actually express stance or evaluation.,Positive examples explicitly perform the named communicative function. Near misses share a surface cue or topic area but should be tagged by the whole-sentence purpose.,standard,not_amended_in_v1,0,
71,"Opinion, attitude and evaluation",4.2,Evaluating,EVA_13,evaluating_evidence,Assesses evidence or support.,yes,B2,B2,This plan is highly evidence for the success of the project. || The report assesses the evidence of the proposed solution.,The sentence describes a situation without judging it. || The sentence reports an event but gives no assessment.,expressing_opinion; analysing_information; reporting_past_events,Use when the sentence as a whole communicatively performs this function: Assesses evidence or support.,Do not use merely because the topic is emotional or value-laden; the sentence must actually express stance or evaluation.,Positive examples explicitly perform the named communicative function. Near misses share a surface cue or topic area but should be tagged by the whole-sentence purpose.,standard,not_amended_in_v1,0,
72,"Opinion, attitude and evaluation",4.2,Evaluating,EVA_14,evaluating_arguments,Assesses an argument or position.,no,B2,B2,This plan is highly arguments for the success of the project. || The report assesses the arguments of the proposed solution.,The sentence describes a situation without judging it. || The sentence reports an event but gives no assessment.,expressing_opinion; analysing_information; reporting_past_events,Use when the sentence as a whole communicatively performs this function: Assesses an argument or position.,Do not use merely because the topic is emotional or value-laden; the sentence must actually express stance or evaluation.,Positive examples explicitly perform the named communicative function. Near misses share a surface cue or topic area but should be tagged by the whole-sentence purpose.,standard,not_amended_in_v1,0,
73,"Opinion, attitude and evaluation",4.2,Evaluating,EVA_15,expressing_criticism,Criticises someone or something.,no,A2,B1,"I criticism that this is the best option for now. || Personally, I feel criticism about the proposal.",The sentence reports someone else's feeling without expressing it directly. || The sentence describes an emotional event but gives no stance.,evaluating_quality; expressing_personal_response; reporting_past_events,Use when the sentence as a whole communicatively performs this function: Criticises someone or something.,Do not use merely because the topic is emotional or value-laden; the sentence must actually express stance or evaluation.,Positive examples explicitly perform the named communicative function. Near misses share a surface cue or topic area but should be tagged by the whole-sentence purpose.,standard,not_amended_in_v1,0,
74,"Opinion, attitude and evaluation",4.2,Evaluating,EVA_16,expressing_praise,Praises someone or something.,no,A2,B1,"I praise that this is the best option for now. || Personally, I feel praise about the proposal.",The sentence reports someone else's feeling without expressing it directly. || The sentence describes an emotional event but gives no stance.,evaluating_quality; expressing_personal_response; reporting_past_events,Use when the sentence as a whole communicatively performs this function: Praises someone or something.,Do not use merely because the topic is emotional or value-laden; the sentence must actually express stance or evaluation.,Positive examples explicitly perform the named communicative function. Near misses share a surface cue or topic area but should be tagged by the whole-sentence purpose.,standard,not_amended_in_v1,0,
75,"Opinion, attitude and evaluation",4.2,Evaluating,EVA_17,expressing_personal_response,"Gives a personal reaction to a text, event or experience.",no,A2,B1,"I personal response that this is the best option for now. || Personally, I feel personal response about the proposal.",The sentence reports someone else's feeling without expressing it directly. || The sentence describes an emotional event but gives no stance.,evaluating_quality; expressing_personal_response; reporting_past_events,"Use when the sentence as a whole communicatively performs this function: Gives a personal reaction to a text, event or experience.",Do not use merely because the topic is emotional or value-laden; the sentence must actually express stance or evaluation.,Positive examples explicitly perform the named communicative function. Near misses share a surface cue or topic area but should be tagged by the whole-sentence purpose.,standard,not_amended_in_v1,0,
76,"Opinion, attitude and evaluation",4.2,Evaluating,EVA_18,literary_or_cultural_interpretation,"Interprets creative, literary or cultural material.",no,B2,C1,"This sentence interprets creative, literary or cultural material. || The text clearly interprets creative, literary or cultural material.",The sentence reports a real news event rather than responding to a creative text. || The sentence mentions a film title but does not discuss the film.,stating_facts; relaying_specific_information; reporting_past_events,"Use when the sentence as a whole communicatively performs this function: Interprets creative, literary or cultural material.",Do not use for a sentence that merely mentions this topic or contains a surface cue; tag the whole-sentence communicative purpose.,Positive examples explicitly perform the named communicative function. Near misses share a surface cue or topic area but should be tagged by the whole-sentence purpose.,standard,not_amended_in_v1,0,
77,"Directives, instructions and transactions",5.1,Instructions and procedures,DIR_01,giving_instructions,Tells someone how to do something.,yes,A1,A2,The notice gives instructions for visitors. || The webpage provides clear instructions about the service.,The sentence asks for information rather than giving it. || The sentence evaluates information rather than providing it.,giving_practical_information; advising; recommending_action,Use when the sentence as a whole communicatively performs this function: Tells someone how to do something.,Do not use for a sentence that merely mentions this topic or contains a surface cue; tag the whole-sentence communicative purpose.,Positive examples explicitly perform the named communicative function. Near misses share a surface cue or topic area but should be tagged by the whole-sentence purpose.,standard,not_amended_in_v1,0,
78,"Directives, instructions and transactions",5.1,Instructions and procedures,DIR_02,following_or_referring_to_instructions,"Refers to instructions, rules or steps.",no,A1,A2,Please complete the form before Friday. || You should check the instructions before you start.,"The sentence only contains a surface cue associated with this label. || A more specific reporting, narration, explanation or evaluation label may fit better.",giving_practical_information; advising; recommending_action,"Use when the sentence as a whole communicatively performs this function: Refers to instructions, rules or steps.",Do not use for a sentence that merely mentions this topic or contains a surface cue; tag the whole-sentence communicative purpose.,Positive examples explicitly perform the named communicative function. Near misses share a surface cue or topic area but should be tagged by the whole-sentence purpose.,standard,not_amended_in_v1,0,
79,"Directives, instructions and transactions",5.1,Instructions and procedures,DIR_03,giving_directions,Gives route or location directions.,no,A1,A2,The notice gives directions for visitors. || The webpage provides clear directions about the service.,The sentence asks for information rather than giving it. || The sentence evaluates information rather than providing it.,giving_practical_information; advising; recommending_action,Use when the sentence as a whole communicatively performs this function: Gives route or location directions.,Do not use for a sentence that merely mentions this topic or contains a surface cue; tag the whole-sentence communicative purpose.,Positive examples explicitly perform the named communicative function. Near misses share a surface cue or topic area but should be tagged by the whole-sentence purpose.,standard,not_amended_in_v1,0,
80,"Directives, instructions and transactions",5.1,Instructions and procedures,DIR_04,explaining_procedure,Explains a procedure or sequence of actions.,no,A1,A2,The guide explains the procedure behind the change. || This happens because several conditions affect the process.,The sentence reports what happened but does not explain why or how. || The sentence contains 'because' as a detail but the main purpose is event reporting.,reporting_past_events; describing_processes; expressing_cause_effect,Use when the sentence as a whole communicatively performs this function: Explains a procedure or sequence of actions.,"Do not use just because the sentence contains because, so, as, to or a result phrase if the main function is reporting or narrating events.",Positive examples explicitly perform the named communicative function. Near misses share a surface cue or topic area but should be tagged by the whole-sentence purpose.,standard,not_amended_in_v1,0,
81,"Directives, instructions and transactions",5.1,Instructions and procedures,DIR_05,warning,"Warns about danger, risk or consequences.",no,A2,B1,Please complete the form before Friday. || You should check the instructions before you start.,"The sentence only contains a surface cue associated with this label. || A more specific reporting, narration, explanation or evaluation label may fit better.",giving_practical_information; advising; recommending_action,"Use when the sentence as a whole communicatively performs this function: Warns about danger, risk or consequences.",Do not use for a sentence that merely mentions this topic or contains a surface cue; tag the whole-sentence communicative purpose.,Positive examples explicitly perform the named communicative function. Near misses share a surface cue or topic area but should be tagged by the whole-sentence purpose.,standard,not_amended_in_v1,0,
82,"Directives, instructions and transactions",5.1,Instructions and procedures,DIR_06,prohibiting,Says something is not allowed.,no,A2,B1,Please complete the form before Friday. || You should check the instructions before you start.,"The sentence only contains a surface cue associated with this label. || A more specific reporting, narration, explanation or evaluation label may fit better.",giving_practical_information; advising; recommending_action,Use when the sentence as a whole communicatively performs this function: Says something is not allowed.,Do not use for a sentence that merely mentions this topic or contains a surface cue; tag the whole-sentence communicative purpose.,Positive examples explicitly perform the named communicative function. Near misses share a surface cue or topic area but should be tagged by the whole-sentence purpose.,standard,not_amended_in_v1,0,
83,"Directives, instructions and transactions",5.1,Instructions and procedures,DIR_07,permitting,Says something is allowed.,no,A2,B1,Please complete the form before Friday. || You should check the instructions before you start.,"The sentence only contains a surface cue associated with this label. || A more specific reporting, narration, explanation or evaluation label may fit better.",giving_practical_information; advising; recommending_action,Use when the sentence as a whole communicatively performs this function: Says something is allowed.,Do not use for a sentence that merely mentions this topic or contains a surface cue; tag the whole-sentence communicative purpose.,Positive examples explicitly perform the named communicative function. Near misses share a surface cue or topic area but should be tagged by the whole-sentence purpose.,standard,not_amended_in_v1,0,
84,"Directives, instructions and transactions",5.1,Instructions and procedures,DIR_08,obligating,Says something must be done.,no,A2,B1,Please complete the form before Friday. || You should check the instructions before you start.,"The sentence only contains a surface cue associated with this label. || A more specific reporting, narration, explanation or evaluation label may fit better.",giving_practical_information; advising; recommending_action,Use when the sentence as a whole communicatively performs this function: Says something must be done.,Do not use for a sentence that merely mentions this topic or contains a surface cue; tag the whole-sentence communicative purpose.,Positive examples explicitly perform the named communicative function. Near misses share a surface cue or topic area but should be tagged by the whole-sentence purpose.,standard,not_amended_in_v1,0,
85,"Directives, instructions and transactions",5.1,Instructions and procedures,DIR_09,recommending_action,Recommends what someone should do.,yes,A2,B1,You should save your work before closing the programme. || The guide recommends restarting the device after installation.,You replenish your ability to use these powers with syringes. || Your body improves its ability to get energy from carbohydrates.,describing_characteristics; explaining_processes; explaining_consequences; stating_facts,"Use when the sentence recommends, advises, or tells someone what action they should take.","Do not use merely because the sentence uses “you”. Descriptive statements about what a system, body, or game mechanic does are not recommendations unless they tell the reader to act.",Manual review showed second-person descriptions can be misread as advice.,medium,amended_from_manual_diagnostic_batches_v1,1+,second_person_trap; recommendation_overreach
86,"Directives, instructions and transactions",5.1,Instructions and procedures,DIR_10,advising,Gives advice.,no,A2,B1,Please complete the form before Friday. || You should check the instructions before you start.,"The sentence only contains a surface cue associated with this label. || A more specific reporting, narration, explanation or evaluation label may fit better.",giving_practical_information; advising; recommending_action,Use when the sentence as a whole communicatively performs this function: Gives advice.,Do not use for a sentence that merely mentions this topic or contains a surface cue; tag the whole-sentence communicative purpose.,Positive examples explicitly perform the named communicative function. Near misses share a surface cue or topic area but should be tagged by the whole-sentence purpose.,standard,not_amended_in_v1,0,
87,"Directives, instructions and transactions",5.2,"Requests, offers and suggestions",DIR_11,requesting_action,Asks someone to do something.,yes,A1,A2,Could you tell me more about the meeting schedule? || Can you confirm whether the office is open tomorrow?,"The sentence only contains a surface cue associated with this label. || A more specific reporting, narration, explanation or evaluation label may fit better.",giving_practical_information; advising; recommending_action,Use when the sentence as a whole communicatively performs this function: Asks someone to do something.,Do not use for a sentence that merely mentions this topic or contains a surface cue; tag the whole-sentence communicative purpose.,Positive examples explicitly perform the named communicative function. Near misses share a surface cue or topic area but should be tagged by the whole-sentence purpose.,standard,not_amended_in_v1,0,
88,"Directives, instructions and transactions",5.2,"Requests, offers and suggestions",DIR_12,requesting_permission,Asks for permission.,no,A1,A2,Could you tell me more about the meeting schedule? || Can you confirm whether the office is open tomorrow?,"The sentence only contains a surface cue associated with this label. || A more specific reporting, narration, explanation or evaluation label may fit better.",giving_practical_information; advising; recommending_action,Use when the sentence as a whole communicatively performs this function: Asks for permission.,Do not use for a sentence that merely mentions this topic or contains a surface cue; tag the whole-sentence communicative purpose.,Positive examples explicitly perform the named communicative function. Near misses share a surface cue or topic area but should be tagged by the whole-sentence purpose.,standard,not_amended_in_v1,0,
89,"Directives, instructions and transactions",5.2,"Requests, offers and suggestions",DIR_13,offering_help,Offers assistance.,no,A1,A2,Please complete the form before Friday. || You should check the instructions before you start.,"The sentence only contains a surface cue associated with this label. || A more specific reporting, narration, explanation or evaluation label may fit better.",giving_practical_information; advising; recommending_action,Use when the sentence as a whole communicatively performs this function: Offers assistance.,Do not use for a sentence that merely mentions this topic or contains a surface cue; tag the whole-sentence communicative purpose.,Positive examples explicitly perform the named communicative function. Near misses share a surface cue or topic area but should be tagged by the whole-sentence purpose.,standard,not_amended_in_v1,0,
90,"Directives, instructions and transactions",5.2,"Requests, offers and suggestions",DIR_14,offering_goods_or_services,Offers goods or services.,no,A1,A2,Please complete the form before Friday. || You should check the instructions before you start.,"The sentence only contains a surface cue associated with this label. || A more specific reporting, narration, explanation or evaluation label may fit better.",giving_practical_information; advising; recommending_action,Use when the sentence as a whole communicatively performs this function: Offers goods or services.,Do not use for a sentence that merely mentions this topic or contains a surface cue; tag the whole-sentence communicative purpose.,Positive examples explicitly perform the named communicative function. Near misses share a surface cue or topic area but should be tagged by the whole-sentence purpose.,standard,not_amended_in_v1,0,
91,"Directives, instructions and transactions",5.2,"Requests, offers and suggestions",DIR_15,suggesting,Suggests an idea or action.,yes,A1,A2,Please complete the form before Friday. || You should check the instructions before you start.,"The sentence only contains a surface cue associated with this label. || A more specific reporting, narration, explanation or evaluation label may fit better.",giving_practical_information; advising; recommending_action,Use when the sentence as a whole communicatively performs this function: Suggests an idea or action.,Do not use for a sentence that merely mentions this topic or contains a surface cue; tag the whole-sentence communicative purpose.,Positive examples explicitly perform the named communicative function. Near misses share a surface cue or topic area but should be tagged by the whole-sentence purpose.,standard,not_amended_in_v1,0,
92,"Directives, instructions and transactions",5.2,"Requests, offers and suggestions",DIR_16,inviting,Invites someone to do something.,no,A1,A2,Please complete the form before Friday. || You should check the instructions before you start.,"The sentence only contains a surface cue associated with this label. || A more specific reporting, narration, explanation or evaluation label may fit better.",giving_practical_information; advising; recommending_action,Use when the sentence as a whole communicatively performs this function: Invites someone to do something.,Do not use for a sentence that merely mentions this topic or contains a surface cue; tag the whole-sentence communicative purpose.,Positive examples explicitly perform the named communicative function. Near misses share a surface cue or topic area but should be tagged by the whole-sentence purpose.,standard,not_amended_in_v1,0,
93,"Directives, instructions and transactions",5.2,"Requests, offers and suggestions",DIR_17,accepting_offer_or_invitation,Accepts an offer or invitation.,no,A1,A2,Please complete the form before Friday. || You should check the instructions before you start.,"The sentence only contains a surface cue associated with this label. || A more specific reporting, narration, explanation or evaluation label may fit better.",giving_practical_information; advising; recommending_action,Use when the sentence as a whole communicatively performs this function: Accepts an offer or invitation.,Do not use for a sentence that merely mentions this topic or contains a surface cue; tag the whole-sentence communicative purpose.,Positive examples explicitly perform the named communicative function. Near misses share a surface cue or topic area but should be tagged by the whole-sentence purpose.,standard,not_amended_in_v1,0,
94,"Directives, instructions and transactions",5.2,"Requests, offers and suggestions",DIR_18,refusing_offer_or_invitation,Refuses an offer or invitation.,no,A1,A2,Please complete the form before Friday. || You should check the instructions before you start.,"The sentence only contains a surface cue associated with this label. || A more specific reporting, narration, explanation or evaluation label may fit better.",giving_practical_information; advising; recommending_action,Use when the sentence as a whole communicatively performs this function: Refuses an offer or invitation.,Do not use for a sentence that merely mentions this topic or contains a surface cue; tag the whole-sentence communicative purpose.,Positive examples explicitly perform the named communicative function. Near misses share a surface cue or topic area but should be tagged by the whole-sentence purpose.,standard,not_amended_in_v1,0,
95,"Directives, instructions and transactions",5.3,Transactions and services,TRN_01,obtaining_goods_services,"Buys, books, orders or arranges goods or services.",yes,A1,A1,Please complete the form before Friday. || You should check the instructions before you start.,"The sentence only contains a surface cue associated with this label. || A more specific reporting, narration, explanation or evaluation label may fit better.",giving_practical_information; advising; recommending_action,"Use when the sentence as a whole communicatively performs this function: Buys, books, orders or arranges goods or services.",Do not use for a sentence that merely mentions this topic or contains a surface cue; tag the whole-sentence communicative purpose.,Positive examples explicitly perform the named communicative function. Near misses share a surface cue or topic area but should be tagged by the whole-sentence purpose.,standard,not_amended_in_v1,0,
96,"Directives, instructions and transactions",5.3,Transactions and services,TRN_02,making_arrangements,"Arranges meetings, travel, events or logistics.",yes,A1,A2,Please complete the form before Friday. || You should check the instructions before you start.,"The sentence only contains a surface cue associated with this label. || A more specific reporting, narration, explanation or evaluation label may fit better.",giving_practical_information; advising; recommending_action,"Use when the sentence as a whole communicatively performs this function: Arranges meetings, travel, events or logistics.",Do not use for a sentence that merely mentions this topic or contains a surface cue; tag the whole-sentence communicative purpose.,Positive examples explicitly perform the named communicative function. Near misses share a surface cue or topic area but should be tagged by the whole-sentence purpose.,standard,not_amended_in_v1,0,
97,"Directives, instructions and transactions",5.3,Transactions and services,TRN_03,negotiating_terms,"Negotiates price, conditions or responsibilities.",no,A2,B1,Please complete the form before Friday. || You should check the instructions before you start.,"The sentence only contains a surface cue associated with this label. || A more specific reporting, narration, explanation or evaluation label may fit better.",giving_practical_information; advising; recommending_action,"Use when the sentence as a whole communicatively performs this function: Negotiates price, conditions or responsibilities.",Do not use for a sentence that merely mentions this topic or contains a surface cue; tag the whole-sentence communicative purpose.,Positive examples explicitly perform the named communicative function. Near misses share a surface cue or topic area but should be tagged by the whole-sentence purpose.,standard,not_amended_in_v1,0,
98,"Directives, instructions and transactions",5.3,Transactions and services,TRN_04,making_complaints,"Complains about a product, service or situation.",no,A2,B1,Please complete the form before Friday. || You should check the instructions before you start.,"The sentence only contains a surface cue associated with this label. || A more specific reporting, narration, explanation or evaluation label may fit better.",giving_practical_information; advising; recommending_action,"Use when the sentence as a whole communicatively performs this function: Complains about a product, service or situation.",Do not use for a sentence that merely mentions this topic or contains a surface cue; tag the whole-sentence communicative purpose.,Positive examples explicitly perform the named communicative function. Near misses share a surface cue or topic area but should be tagged by the whole-sentence purpose.,standard,not_amended_in_v1,0,
99,"Directives, instructions and transactions",5.3,Transactions and services,TRN_05,responding_to_complaints,Responds to a complaint.,no,A2,B1,Please complete the form before Friday. || You should check the instructions before you start.,"The sentence only contains a surface cue associated with this label. || A more specific reporting, narration, explanation or evaluation label may fit better.",giving_practical_information; advising; recommending_action,Use when the sentence as a whole communicatively performs this function: Responds to a complaint.,Do not use for a sentence that merely mentions this topic or contains a surface cue; tag the whole-sentence communicative purpose.,Positive examples explicitly perform the named communicative function. Near misses share a surface cue or topic area but should be tagged by the whole-sentence purpose.,standard,not_amended_in_v1,0,
100,"Directives, instructions and transactions",5.3,Transactions and services,TRN_06,completing_forms,Gives information for forms or applications.,no,A1,A1,Please complete the form before Friday. || You should check the instructions before you start.,"The sentence only contains a surface cue associated with this label. || A more specific reporting, narration, explanation or evaluation label may fit better.",giving_practical_information; advising; recommending_action,Use when the sentence as a whole communicatively performs this function: Gives information for forms or applications.,Do not use for a sentence that merely mentions this topic or contains a surface cue; tag the whole-sentence communicative purpose.,Positive examples explicitly perform the named communicative function. Near misses share a surface cue or topic area but should be tagged by the whole-sentence purpose.,standard,not_amended_in_v1,0,
101,"Directives, instructions and transactions",5.3,Transactions and services,TRN_07,handling_payment,"Discusses payment, cost, price or financial exchange.",no,A1,A1,Please complete the form before Friday. || You should check the instructions before you start.,"The sentence only contains a surface cue associated with this label. || A more specific reporting, narration, explanation or evaluation label may fit better.",giving_practical_information; advising; recommending_action,"Use when the sentence as a whole communicatively performs this function: Discusses payment, cost, price or financial exchange.",Do not use for a sentence that merely mentions this topic or contains a surface cue; tag the whole-sentence communicative purpose.,Positive examples explicitly perform the named communicative function. Near misses share a surface cue or topic area but should be tagged by the whole-sentence purpose.,standard,not_amended_in_v1,0,
102,"Directives, instructions and transactions",5.3,Transactions and services,TRN_08,confirming_arrangements,"Confirms plans, bookings or agreements.",no,A1,A2,Please complete the form before Friday. || You should check the instructions before you start.,"The sentence only contains a surface cue associated with this label. || A more specific reporting, narration, explanation or evaluation label may fit better.",giving_practical_information; advising; recommending_action,"Use when the sentence as a whole communicatively performs this function: Confirms plans, bookings or agreements.",Do not use for a sentence that merely mentions this topic or contains a surface cue; tag the whole-sentence communicative purpose.,Positive examples explicitly perform the named communicative function. Near misses share a surface cue or topic area but should be tagged by the whole-sentence purpose.,standard,not_amended_in_v1,0,
103,Social and interpersonal interaction,6.1,Social routines,SOC_01,greeting,Greets someone.,no,A1,A1,Thank you for your help with the meeting. || I am sorry about the delay.,"The sentence only contains a surface cue associated with this label. || A more specific reporting, narration, explanation or evaluation label may fit better.",stating_facts; relaying_specific_information; reporting_past_events,Use when the sentence as a whole communicatively performs this function: Greets someone.,Do not use for a sentence that merely mentions this topic or contains a surface cue; tag the whole-sentence communicative purpose.,Positive examples explicitly perform the named communicative function. Near misses share a surface cue or topic area but should be tagged by the whole-sentence purpose.,standard,not_amended_in_v1,0,
104,Social and interpersonal interaction,6.1,Social routines,SOC_02,leave_taking,Says goodbye or closes interaction.,no,A1,A1,Thank you for your help with the meeting. || I am sorry about the delay.,"The sentence only contains a surface cue associated with this label. || A more specific reporting, narration, explanation or evaluation label may fit better.",stating_facts; relaying_specific_information; reporting_past_events,Use when the sentence as a whole communicatively performs this function: Says goodbye or closes interaction.,Do not use for a sentence that merely mentions this topic or contains a surface cue; tag the whole-sentence communicative purpose.,Positive examples explicitly perform the named communicative function. Near misses share a surface cue or topic area but should be tagged by the whole-sentence purpose.,standard,not_amended_in_v1,0,
105,Social and interpersonal interaction,6.1,Social routines,SOC_03,introducing_self_or_others,Introduces a person.,no,A1,A1,Thank you for your help with the meeting. || I am sorry about the delay.,"The sentence only contains a surface cue associated with this label. || A more specific reporting, narration, explanation or evaluation label may fit better.",stating_facts; relaying_specific_information; reporting_past_events,Use when the sentence as a whole communicatively performs this function: Introduces a person.,Do not use for a sentence that merely mentions this topic or contains a surface cue; tag the whole-sentence communicative purpose.,Positive examples explicitly perform the named communicative function. Near misses share a surface cue or topic area but should be tagged by the whole-sentence purpose.,standard,not_amended_in_v1,0,
106,Social and interpersonal interaction,6.1,Social routines,SOC_04,thanking,Thanks someone.,no,A1,A1,We appreciate and thank Amazon MGM Studios for all that they have done. || Thank you for your help.,He said he appreciated the support. || The report praised the programme.,quoting_or_attributing; evaluating_quality; expressing_personal_response,Use when the sentence directly thanks or expresses appreciation to someone or an organisation.,Do not use for reported thanks or praise attributed to someone else unless the sentence itself performs the thanking.,Manual review found a direct thanking case misclassified as attribution.,medium,amended_from_manual_diagnostic_batches_v1,1+,thanks_vs_attribution
107,Social and interpersonal interaction,6.1,Social routines,SOC_05,responding_to_thanks,Responds to thanks.,no,A1,A2,Thank you for your help with the meeting. || I am sorry about the delay.,"The sentence only contains a surface cue associated with this label. || A more specific reporting, narration, explanation or evaluation label may fit better.",stating_facts; relaying_specific_information; reporting_past_events,Use when the sentence as a whole communicatively performs this function: Responds to thanks.,Do not use for a sentence that merely mentions this topic or contains a surface cue; tag the whole-sentence communicative purpose.,Positive examples explicitly perform the named communicative function. Near misses share a surface cue or topic area but should be tagged by the whole-sentence purpose.,standard,not_amended_in_v1,0,
108,Social and interpersonal interaction,6.1,Social routines,SOC_06,apologising,Apologises.,no,A1,A1,Thank you for your help with the meeting. || I am sorry about the delay.,"The sentence only contains a surface cue associated with this label. || A more specific reporting, narration, explanation or evaluation label may fit better.",stating_facts; relaying_specific_information; reporting_past_events,Use when the sentence as a whole communicatively performs this function: Apologises.,Do not use for a sentence that merely mentions this topic or contains a surface cue; tag the whole-sentence communicative purpose.,Positive examples explicitly perform the named communicative function. Near misses share a surface cue or topic area but should be tagged by the whole-sentence purpose.,standard,not_amended_in_v1,0,
109,Social and interpersonal interaction,6.1,Social routines,SOC_07,responding_to_apology,Responds to an apology.,no,A1,A2,Thank you for your help with the meeting. || I am sorry about the delay.,"The sentence only contains a surface cue associated with this label. || A more specific reporting, narration, explanation or evaluation label may fit better.",stating_facts; relaying_specific_information; reporting_past_events,Use when the sentence as a whole communicatively performs this function: Responds to an apology.,Do not use for a sentence that merely mentions this topic or contains a surface cue; tag the whole-sentence communicative purpose.,Positive examples explicitly perform the named communicative function. Near misses share a surface cue or topic area but should be tagged by the whole-sentence purpose.,standard,not_amended_in_v1,0,
110,Social and interpersonal interaction,6.1,Social routines,SOC_08,congratulating,Congratulates someone.,no,A1,A2,Thank you for your help with the meeting. || I am sorry about the delay.,"The sentence only contains a surface cue associated with this label. || A more specific reporting, narration, explanation or evaluation label may fit better.",stating_facts; relaying_specific_information; reporting_past_events,Use when the sentence as a whole communicatively performs this function: Congratulates someone.,Do not use for a sentence that merely mentions this topic or contains a surface cue; tag the whole-sentence communicative purpose.,Positive examples explicitly perform the named communicative function. Near misses share a surface cue or topic area but should be tagged by the whole-sentence purpose.,standard,not_amended_in_v1,0,
111,Social and interpersonal interaction,6.1,Social routines,SOC_09,expressing_sympathy,Expresses sympathy or condolence.,no,A1,A2,"I sympathy that this is the best option for now. || Personally, I feel sympathy about the proposal.",The sentence reports someone else's feeling without expressing it directly. || The sentence describes an emotional event but gives no stance.,evaluating_quality; expressing_personal_response; reporting_past_events,Use when the sentence as a whole communicatively performs this function: Expresses sympathy or condolence.,Do not use merely because the topic is emotional or value-laden; the sentence must actually express stance or evaluation.,Positive examples explicitly perform the named communicative function. Near misses share a surface cue or topic area but should be tagged by the whole-sentence purpose.,standard,not_amended_in_v1,0,
112,Social and interpersonal interaction,6.1,Social routines,SOC_10,making_small_talk,Maintains light social conversation.,no,A1,A2,Thank you for your help with the meeting. || I am sorry about the delay.,"The sentence only contains a surface cue associated with this label. || A more specific reporting, narration, explanation or evaluation label may fit better.",stating_facts; relaying_specific_information; reporting_past_events,Use when the sentence as a whole communicatively performs this function: Maintains light social conversation.,Do not use for a sentence that merely mentions this topic or contains a surface cue; tag the whole-sentence communicative purpose.,Positive examples explicitly perform the named communicative function. Near misses share a surface cue or topic area but should be tagged by the whole-sentence purpose.,standard,not_amended_in_v1,0,
113,Social and interpersonal interaction,6.2,Relationship management,SOC_11,showing_interest,Shows interest in another person or topic.,no,A2,B1,Thank you for your help with the meeting. || I am sorry about the delay.,"The sentence only contains a surface cue associated with this label. || A more specific reporting, narration, explanation or evaluation label may fit better.",stating_facts; relaying_specific_information; reporting_past_events,Use when the sentence as a whole communicatively performs this function: Shows interest in another person or topic.,Do not use for a sentence that merely mentions this topic or contains a surface cue; tag the whole-sentence communicative purpose.,Positive examples explicitly perform the named communicative function. Near misses share a surface cue or topic area but should be tagged by the whole-sentence purpose.,standard,not_amended_in_v1,0,
114,Social and interpersonal interaction,6.2,Relationship management,SOC_12,expressing_empathy,Shows understanding of feelings.,no,A2,B1,"I empathy that this is the best option for now. || Personally, I feel empathy about the proposal.",The sentence reports someone else's feeling without expressing it directly. || The sentence describes an emotional event but gives no stance.,evaluating_quality; expressing_personal_response; reporting_past_events,Use when the sentence as a whole communicatively performs this function: Shows understanding of feelings.,Do not use merely because the topic is emotional or value-laden; the sentence must actually express stance or evaluation.,Positive examples explicitly perform the named communicative function. Near misses share a surface cue or topic area but should be tagged by the whole-sentence purpose.,standard,not_amended_in_v1,0,
115,Social and interpersonal interaction,6.2,Relationship management,SOC_13,reassuring,Reassures someone.,no,A2,B1,Thank you for your help with the meeting. || I am sorry about the delay.,"The sentence only contains a surface cue associated with this label. || A more specific reporting, narration, explanation or evaluation label may fit better.",stating_facts; relaying_specific_information; reporting_past_events,Use when the sentence as a whole communicatively performs this function: Reassures someone.,Do not use for a sentence that merely mentions this topic or contains a surface cue; tag the whole-sentence communicative purpose.,Positive examples explicitly perform the named communicative function. Near misses share a surface cue or topic area but should be tagged by the whole-sentence purpose.,standard,not_amended_in_v1,0,
116,Social and interpersonal interaction,6.2,Relationship management,SOC_14,encouraging,Encourages someone.,no,A2,B1,Thank you for your help with the meeting. || I am sorry about the delay.,"The sentence only contains a surface cue associated with this label. || A more specific reporting, narration, explanation or evaluation label may fit better.",stating_facts; relaying_specific_information; reporting_past_events,Use when the sentence as a whole communicatively performs this function: Encourages someone.,Do not use for a sentence that merely mentions this topic or contains a surface cue; tag the whole-sentence communicative purpose.,Positive examples explicitly perform the named communicative function. Near misses share a surface cue or topic area but should be tagged by the whole-sentence purpose.,standard,not_amended_in_v1,0,
117,Social and interpersonal interaction,6.2,Relationship management,SOC_15,softening_message,Makes a message less direct.,no,A2,B1,Thank you for your help with the meeting. || I am sorry about the delay.,"The sentence only contains a surface cue associated with this label. || A more specific reporting, narration, explanation or evaluation label may fit better.",stating_facts; relaying_specific_information; reporting_past_events,Use when the sentence as a whole communicatively performs this function: Makes a message less direct.,Do not use for a sentence that merely mentions this topic or contains a surface cue; tag the whole-sentence communicative purpose.,Positive examples explicitly perform the named communicative function. Near misses share a surface cue or topic area but should be tagged by the whole-sentence purpose.,standard,not_amended_in_v1,0,
118,Social and interpersonal interaction,6.2,Relationship management,SOC_16,maintaining_politeness,Uses politeness or social appropriateness.,no,A2,B1,Thank you for your help with the meeting. || I am sorry about the delay.,"The sentence only contains a surface cue associated with this label. || A more specific reporting, narration, explanation or evaluation label may fit better.",stating_facts; relaying_specific_information; reporting_past_events,Use when the sentence as a whole communicatively performs this function: Uses politeness or social appropriateness.,Do not use for a sentence that merely mentions this topic or contains a surface cue; tag the whole-sentence communicative purpose.,Positive examples explicitly perform the named communicative function. Near misses share a surface cue or topic area but should be tagged by the whole-sentence purpose.,standard,not_amended_in_v1,0,
119,Social and interpersonal interaction,6.2,Relationship management,SOC_17,managing_register,Adjusts formality or register.,no,B2,C1,Thank you for your help with the meeting. || I am sorry about the delay.,"The sentence only contains a surface cue associated with this label. || A more specific reporting, narration, explanation or evaluation label may fit better.",stating_facts; relaying_specific_information; reporting_past_events,Use when the sentence as a whole communicatively performs this function: Adjusts formality or register.,Do not use for a sentence that merely mentions this topic or contains a surface cue; tag the whole-sentence communicative purpose.,Positive examples explicitly perform the named communicative function. Near misses share a surface cue or topic area but should be tagged by the whole-sentence purpose.,standard,not_amended_in_v1,0,
120,Social and interpersonal interaction,6.2,Relationship management,SOC_18,expressing_emotion,"Expresses feelings such as joy, anger, worry or surprise.",no,A2,B1,"I emotion that this is the best option for now. || Personally, I feel emotion about the proposal.",The sentence reports someone else's feeling without expressing it directly. || The sentence describes an emotional event but gives no stance.,evaluating_quality; expressing_personal_response; reporting_past_events,"Use when the sentence as a whole communicatively performs this function: Expresses feelings such as joy, anger, worry or surprise.",Do not use merely because the topic is emotional or value-laden; the sentence must actually express stance or evaluation.,Positive examples explicitly perform the named communicative function. Near misses share a surface cue or topic area but should be tagged by the whole-sentence purpose.,standard,not_amended_in_v1,0,
121,Interaction management and collaboration,7.1,Managing conversation,INT_01,opening_interaction,Opens a conversation or exchange.,no,A1,B1,Let's come back to the first question before we decide. || What do you think we should do next?,"The sentence only contains a surface cue associated with this label. || A more specific reporting, narration, explanation or evaluation label may fit better.",stating_facts; relaying_specific_information; reporting_past_events,Use when the sentence as a whole communicatively performs this function: Opens a conversation or exchange.,Do not use for a sentence that merely mentions this topic or contains a surface cue; tag the whole-sentence communicative purpose.,Positive examples explicitly perform the named communicative function. Near misses share a surface cue or topic area but should be tagged by the whole-sentence purpose.,standard,not_amended_in_v1,0,
122,Interaction management and collaboration,7.1,Managing conversation,INT_02,closing_interaction,Closes a conversation or exchange.,no,A1,B1,Let's come back to the first question before we decide. || What do you think we should do next?,"The sentence only contains a surface cue associated with this label. || A more specific reporting, narration, explanation or evaluation label may fit better.",stating_facts; relaying_specific_information; reporting_past_events,Use when the sentence as a whole communicatively performs this function: Closes a conversation or exchange.,Do not use for a sentence that merely mentions this topic or contains a surface cue; tag the whole-sentence communicative purpose.,Positive examples explicitly perform the named communicative function. Near misses share a surface cue or topic area but should be tagged by the whole-sentence purpose.,standard,not_amended_in_v1,0,
123,Interaction management and collaboration,7.1,Managing conversation,INT_03,turntaking,"Takes, gives or manages a turn.",no,A1,B1,Let's come back to the first question before we decide. || What do you think we should do next?,"The sentence only contains a surface cue associated with this label. || A more specific reporting, narration, explanation or evaluation label may fit better.",stating_facts; relaying_specific_information; reporting_past_events,"Use when the sentence as a whole communicatively performs this function: Takes, gives or manages a turn.",Do not use for a sentence that merely mentions this topic or contains a surface cue; tag the whole-sentence communicative purpose.,Positive examples explicitly perform the named communicative function. Near misses share a surface cue or topic area but should be tagged by the whole-sentence purpose.,standard,not_amended_in_v1,0,
124,Interaction management and collaboration,7.1,Managing conversation,INT_04,holding_the_floor,Keeps the turn while speaking or writing.,no,A1,B1,Let's come back to the first question before we decide. || What do you think we should do next?,"The sentence only contains a surface cue associated with this label. || A more specific reporting, narration, explanation or evaluation label may fit better.",stating_facts; relaying_specific_information; reporting_past_events,Use when the sentence as a whole communicatively performs this function: Keeps the turn while speaking or writing.,Do not use for a sentence that merely mentions this topic or contains a surface cue; tag the whole-sentence communicative purpose.,Positive examples explicitly perform the named communicative function. Near misses share a surface cue or topic area but should be tagged by the whole-sentence purpose.,standard,not_amended_in_v1,0,
125,Interaction management and collaboration,7.1,Managing conversation,INT_05,inviting_response,Invites another person to respond.,no,A1,A2,Could you tell me more about the meeting schedule? || Can you confirm whether the office is open tomorrow?,"The sentence only contains a surface cue associated with this label. || A more specific reporting, narration, explanation or evaluation label may fit better.",stating_facts; relaying_specific_information; reporting_past_events,Use when the sentence as a whole communicatively performs this function: Invites another person to respond.,Do not use for a sentence that merely mentions this topic or contains a surface cue; tag the whole-sentence communicative purpose.,Positive examples explicitly perform the named communicative function. Near misses share a surface cue or topic area but should be tagged by the whole-sentence purpose.,standard,not_amended_in_v1,0,
126,Interaction management and collaboration,7.1,Managing conversation,INT_06,interrupting,Interrupts or signals interruption.,no,A1,B1,Let's come back to the first question before we decide. || What do you think we should do next?,"The sentence only contains a surface cue associated with this label. || A more specific reporting, narration, explanation or evaluation label may fit better.",stating_facts; relaying_specific_information; reporting_past_events,Use when the sentence as a whole communicatively performs this function: Interrupts or signals interruption.,Do not use for a sentence that merely mentions this topic or contains a surface cue; tag the whole-sentence communicative purpose.,Positive examples explicitly perform the named communicative function. Near misses share a surface cue or topic area but should be tagged by the whole-sentence purpose.,standard,not_amended_in_v1,0,
127,Interaction management and collaboration,7.1,Managing conversation,INT_07,repairing_communication,"Corrects, reformulates or repairs misunderstanding.",no,A1,B1,Let's come back to the first question before we decide. || What do you think we should do next?,"The sentence only contains a surface cue associated with this label. || A more specific reporting, narration, explanation or evaluation label may fit better.",stating_facts; relaying_specific_information; reporting_past_events,"Use when the sentence as a whole communicatively performs this function: Corrects, reformulates or repairs misunderstanding.",Do not use for a sentence that merely mentions this topic or contains a surface cue; tag the whole-sentence communicative purpose.,Positive examples explicitly perform the named communicative function. Near misses share a surface cue or topic area but should be tagged by the whole-sentence purpose.,standard,not_amended_in_v1,0,
128,Interaction management and collaboration,7.1,Managing conversation,INT_08,checking_shared_understanding,Checks whether participants understand the same thing.,no,A1,B1,Let's come back to the first question before we decide. || What do you think we should do next?,"The sentence only contains a surface cue associated with this label. || A more specific reporting, narration, explanation or evaluation label may fit better.",stating_facts; relaying_specific_information; reporting_past_events,Use when the sentence as a whole communicatively performs this function: Checks whether participants understand the same thing.,Do not use for a sentence that merely mentions this topic or contains a surface cue; tag the whole-sentence communicative purpose.,Positive examples explicitly perform the named communicative function. Near misses share a surface cue or topic area but should be tagged by the whole-sentence purpose.,standard,not_amended_in_v1,0,
129,Interaction management and collaboration,7.1,Managing conversation,INT_09,co_constructing_meaning,Builds meaning collaboratively.,no,A1,B1,Let's come back to the first question before we decide. || What do you think we should do next?,"The sentence only contains a surface cue associated with this label. || A more specific reporting, narration, explanation or evaluation label may fit better.",stating_facts; relaying_specific_information; reporting_past_events,Use when the sentence as a whole communicatively performs this function: Builds meaning collaboratively.,Do not use for a sentence that merely mentions this topic or contains a surface cue; tag the whole-sentence communicative purpose.,Positive examples explicitly perform the named communicative function. Near misses share a surface cue or topic area but should be tagged by the whole-sentence purpose.,standard,not_amended_in_v1,0,
130,Interaction management and collaboration,7.1,Managing conversation,INT_10,managing_topic_shift,"Introduces, changes or returns to a topic.",no,A1,B1,Let's come back to the first question before we decide. || What do you think we should do next?,"The sentence only contains a surface cue associated with this label. || A more specific reporting, narration, explanation or evaluation label may fit better.",stating_facts; relaying_specific_information; reporting_past_events,"Use when the sentence as a whole communicatively performs this function: Introduces, changes or returns to a topic.",Do not use for a sentence that merely mentions this topic or contains a surface cue; tag the whole-sentence communicative purpose.,Positive examples explicitly perform the named communicative function. Near misses share a surface cue or topic area but should be tagged by the whole-sentence purpose.,standard,not_amended_in_v1,0,
131,Interaction management and collaboration,7.2,Collaborative work,COL_01,proposing_collaborative_action,Proposes a joint action.,no,A2,B1,Let's come back to the first question before we decide. || What do you think we should do next?,"The sentence only contains a surface cue associated with this label. || A more specific reporting, narration, explanation or evaluation label may fit better.",stating_facts; relaying_specific_information; reporting_past_events,Use when the sentence as a whole communicatively performs this function: Proposes a joint action.,Do not use for a sentence that merely mentions this topic or contains a surface cue; tag the whole-sentence communicative purpose.,Positive examples explicitly perform the named communicative function. Near misses share a surface cue or topic area but should be tagged by the whole-sentence purpose.,standard,not_amended_in_v1,0,
132,Interaction management and collaboration,7.2,Collaborative work,COL_02,organising_collaborative_work,"Organises tasks, roles or responsibilities.",no,A2,B1,Let's come back to the first question before we decide. || What do you think we should do next?,"The sentence only contains a surface cue associated with this label. || A more specific reporting, narration, explanation or evaluation label may fit better.",stating_facts; relaying_specific_information; reporting_past_events,"Use when the sentence as a whole communicatively performs this function: Organises tasks, roles or responsibilities.",Do not use for a sentence that merely mentions this topic or contains a surface cue; tag the whole-sentence communicative purpose.,Positive examples explicitly perform the named communicative function. Near misses share a surface cue or topic area but should be tagged by the whole-sentence purpose.,standard,not_amended_in_v1,0,
133,Interaction management and collaboration,7.2,Collaborative work,COL_03,coordinating_actions,Coordinates what people do.,no,A2,B1,Let's come back to the first question before we decide. || What do you think we should do next?,"The sentence only contains a surface cue associated with this label. || A more specific reporting, narration, explanation or evaluation label may fit better.",stating_facts; relaying_specific_information; reporting_past_events,Use when the sentence as a whole communicatively performs this function: Coordinates what people do.,Do not use for a sentence that merely mentions this topic or contains a surface cue; tag the whole-sentence communicative purpose.,Positive examples explicitly perform the named communicative function. Near misses share a surface cue or topic area but should be tagged by the whole-sentence purpose.,standard,not_amended_in_v1,0,
134,Interaction management and collaboration,7.2,Collaborative work,COL_04,solving_problems_collaboratively,Contributes to joint problem-solving.,no,A2,B1,Let's come back to the first question before we decide. || What do you think we should do next?,"The sentence only contains a surface cue associated with this label. || A more specific reporting, narration, explanation or evaluation label may fit better.",stating_facts; relaying_specific_information; reporting_past_events,Use when the sentence as a whole communicatively performs this function: Contributes to joint problem-solving.,Do not use for a sentence that merely mentions this topic or contains a surface cue; tag the whole-sentence communicative purpose.,Positive examples explicitly perform the named communicative function. Near misses share a surface cue or topic area but should be tagged by the whole-sentence purpose.,standard,not_amended_in_v1,0,
135,Interaction management and collaboration,7.2,Collaborative work,COL_05,building_on_others_ideas,Develops another person’s idea.,no,A2,B1,Let's come back to the first question before we decide. || What do you think we should do next?,"The sentence only contains a surface cue associated with this label. || A more specific reporting, narration, explanation or evaluation label may fit better.",stating_facts; relaying_specific_information; reporting_past_events,Use when the sentence as a whole communicatively performs this function: Develops another person’s idea.,Do not use for a sentence that merely mentions this topic or contains a surface cue; tag the whole-sentence communicative purpose.,Positive examples explicitly perform the named communicative function. Near misses share a surface cue or topic area but should be tagged by the whole-sentence purpose.,standard,not_amended_in_v1,0,
136,Interaction management and collaboration,7.2,Collaborative work,COL_06,inviting_ideas,Asks others to contribute ideas.,no,A1,A2,Could you tell me more about the meeting schedule? || Can you confirm whether the office is open tomorrow?,"The sentence only contains a surface cue associated with this label. || A more specific reporting, narration, explanation or evaluation label may fit better.",stating_facts; relaying_specific_information; reporting_past_events,Use when the sentence as a whole communicatively performs this function: Asks others to contribute ideas.,Do not use for a sentence that merely mentions this topic or contains a surface cue; tag the whole-sentence communicative purpose.,Positive examples explicitly perform the named communicative function. Near misses share a surface cue or topic area but should be tagged by the whole-sentence purpose.,standard,not_amended_in_v1,0,
137,Interaction management and collaboration,7.2,Collaborative work,COL_07,encouraging_participation,Encourages others to join in.,no,A2,B1,Let's come back to the first question before we decide. || What do you think we should do next?,"The sentence only contains a surface cue associated with this label. || A more specific reporting, narration, explanation or evaluation label may fit better.",stating_facts; relaying_specific_information; reporting_past_events,Use when the sentence as a whole communicatively performs this function: Encourages others to join in.,Do not use for a sentence that merely mentions this topic or contains a surface cue; tag the whole-sentence communicative purpose.,Positive examples explicitly perform the named communicative function. Near misses share a surface cue or topic area but should be tagged by the whole-sentence purpose.,standard,not_amended_in_v1,0,
138,Interaction management and collaboration,7.2,Collaborative work,COL_08,summarising_group_progress,Summarises where a group has got to.,no,A2,B1,"In short, the article says that prices rose while demand fell. || The speaker briefly sums up the main points of the discussion.","The sentence only contains a surface cue associated with this label. || A more specific reporting, narration, explanation or evaluation label may fit better.",stating_facts; relaying_specific_information; reporting_past_events,Use when the sentence as a whole communicatively performs this function: Summarises where a group has got to.,Do not use for a sentence that merely mentions this topic or contains a surface cue; tag the whole-sentence communicative purpose.,Positive examples explicitly perform the named communicative function. Near misses share a surface cue or topic area but should be tagged by the whole-sentence purpose.,standard,not_amended_in_v1,0,
139,Interaction management and collaboration,7.2,Collaborative work,COL_09,managing_disagreement,Handles disagreement in interaction.,no,A2,B1,Let's come back to the first question before we decide. || What do you think we should do next?,"The sentence only contains a surface cue associated with this label. || A more specific reporting, narration, explanation or evaluation label may fit better.",stating_facts; relaying_specific_information; reporting_past_events,Use when the sentence as a whole communicatively performs this function: Handles disagreement in interaction.,Do not use for a sentence that merely mentions this topic or contains a surface cue; tag the whole-sentence communicative purpose.,Positive examples explicitly perform the named communicative function. Near misses share a surface cue or topic area but should be tagged by the whole-sentence purpose.,standard,not_amended_in_v1,0,
140,Interaction management and collaboration,7.2,Collaborative work,COL_10,reaching_consensus,Moves towards agreement or decision.,no,A2,B1,Let's come back to the first question before we decide. || What do you think we should do next?,"The sentence only contains a surface cue associated with this label. || A more specific reporting, narration, explanation or evaluation label may fit better.",stating_facts; relaying_specific_information; reporting_past_events,Use when the sentence as a whole communicatively performs this function: Moves towards agreement or decision.,Do not use for a sentence that merely mentions this topic or contains a surface cue; tag the whole-sentence communicative purpose.,Positive examples explicitly perform the named communicative function. Near misses share a surface cue or topic area but should be tagged by the whole-sentence purpose.,standard,not_amended_in_v1,0,
141,"Mediation, reformulation and knowledge transfer",8.1,Mediating texts,MED_01,relaying_text_information,Conveys information from a text.,no,A2,B1,The speaker explains the main point in simpler words for the group. || The note passes on the key information from the report.,"The sentence only contains a surface cue associated with this label. || A more specific reporting, narration, explanation or evaluation label may fit better.",summarising_information; paraphrasing_information; explaining_processes,Use when the sentence as a whole communicatively performs this function: Conveys information from a text.,Do not use for a sentence that merely mentions this topic or contains a surface cue; tag the whole-sentence communicative purpose.,Positive examples explicitly perform the named communicative function. Near misses share a surface cue or topic area but should be tagged by the whole-sentence purpose.,standard,not_amended_in_v1,0,
142,"Mediation, reformulation and knowledge transfer",8.1,Mediating texts,MED_02,summarising_text,"Summarises a spoken, written or signed text.",no,A2,B1,"In short, the article says that prices rose while demand fell. || The speaker briefly sums up the main points of the discussion.","The sentence only contains a surface cue associated with this label. || A more specific reporting, narration, explanation or evaluation label may fit better.",summarising_information; paraphrasing_information; explaining_processes,"Use when the sentence as a whole communicatively performs this function: Summarises a spoken, written or signed text.",Do not use for a sentence that merely mentions this topic or contains a surface cue; tag the whole-sentence communicative purpose.,Positive examples explicitly perform the named communicative function. Near misses share a surface cue or topic area but should be tagged by the whole-sentence purpose.,standard,not_amended_in_v1,0,
143,"Mediation, reformulation and knowledge transfer",8.1,Mediating texts,MED_03,processing_text,"Condenses, reorganises or extracts text content.",no,A2,B2,The speaker explains the main point in simpler words for the group. || The note passes on the key information from the report.,"The sentence only contains a surface cue associated with this label. || A more specific reporting, narration, explanation or evaluation label may fit better.",summarising_information; paraphrasing_information; explaining_processes,"Use when the sentence as a whole communicatively performs this function: Condenses, reorganises or extracts text content.",Do not use for a sentence that merely mentions this topic or contains a surface cue; tag the whole-sentence communicative purpose.,Positive examples explicitly perform the named communicative function. Near misses share a surface cue or topic area but should be tagged by the whole-sentence purpose.,standard,not_amended_in_v1,0,
144,"Mediation, reformulation and knowledge transfer",8.1,Mediating texts,MED_04,note_taking,Records key points from speech or text.,no,A2,B2,The speaker explains the main point in simpler words for the group. || The note passes on the key information from the report.,"The sentence only contains a surface cue associated with this label. || A more specific reporting, narration, explanation or evaluation label may fit better.",summarising_information; paraphrasing_information; explaining_processes,Use when the sentence as a whole communicatively performs this function: Records key points from speech or text.,Do not use for a sentence that merely mentions this topic or contains a surface cue; tag the whole-sentence communicative purpose.,Positive examples explicitly perform the named communicative function. Near misses share a surface cue or topic area but should be tagged by the whole-sentence purpose.,standard,not_amended_in_v1,0,
145,"Mediation, reformulation and knowledge transfer",8.1,Mediating texts,MED_05,explaining_data,"Explains charts, tables, figures or visual data.",yes,A2,B1,The guide explains the data behind the change. || This happens because several conditions affect the process.,"In 2019, the team opened a new office. || The article mentions a number in a story but does not report a statistic.",reporting_past_events; describing_processes; expressing_cause_effect,"Use when the sentence as a whole communicatively performs this function: Explains charts, tables, figures or visual data.","Do not use just because the sentence contains because, so, as, to or a result phrase if the main function is reporting or narrating events.",Positive examples explicitly perform the named communicative function. Near misses share a surface cue or topic area but should be tagged by the whole-sentence purpose.,standard,not_amended_in_v1,0,
146,"Mediation, reformulation and knowledge transfer",8.1,Mediating texts,MED_06,interpreting_visual_information,Describes or interprets visual material.,no,A2,B1,The speaker explains the main point in simpler words for the group. || The note passes on the key information from the report.,"The sentence only contains a surface cue associated with this label. || A more specific reporting, narration, explanation or evaluation label may fit better.",summarising_information; paraphrasing_information; explaining_processes,Use when the sentence as a whole communicatively performs this function: Describes or interprets visual material.,Do not use for a sentence that merely mentions this topic or contains a surface cue; tag the whole-sentence communicative purpose.,Positive examples explicitly perform the named communicative function. Near misses share a surface cue or topic area but should be tagged by the whole-sentence purpose.,standard,not_amended_in_v1,0,
147,"Mediation, reformulation and knowledge transfer",8.1,Mediating texts,MED_07,translating_or_rendering_meaning,Renders meaning across languages or modes.,no,A2,B1,The speaker explains the main point in simpler words for the group. || The note passes on the key information from the report.,"The sentence only contains a surface cue associated with this label. || A more specific reporting, narration, explanation or evaluation label may fit better.",summarising_information; paraphrasing_information; explaining_processes,Use when the sentence as a whole communicatively performs this function: Renders meaning across languages or modes.,Do not use for a sentence that merely mentions this topic or contains a surface cue; tag the whole-sentence communicative purpose.,Positive examples explicitly perform the named communicative function. Near misses share a surface cue or topic area but should be tagged by the whole-sentence purpose.,standard,not_amended_in_v1,0,
148,"Mediation, reformulation and knowledge transfer",8.1,Mediating texts,MED_08,adapting_text_for_audience,Adjusts information for a different audience.,no,A2,B2,The speaker explains the main point in simpler words for the group. || The note passes on the key information from the report.,"The sentence only contains a surface cue associated with this label. || A more specific reporting, narration, explanation or evaluation label may fit better.",summarising_information; paraphrasing_information; explaining_processes,Use when the sentence as a whole communicatively performs this function: Adjusts information for a different audience.,Do not use for a sentence that merely mentions this topic or contains a surface cue; tag the whole-sentence communicative purpose.,Positive examples explicitly perform the named communicative function. Near misses share a surface cue or topic area but should be tagged by the whole-sentence purpose.,standard,not_amended_in_v1,0,
149,"Mediation, reformulation and knowledge transfer",8.1,Mediating texts,MED_09,simplifying_text,Makes information easier to understand.,yes,A2,B2,The speaker explains the main point in simpler words for the group. || The note passes on the key information from the report.,"The sentence only contains a surface cue associated with this label. || A more specific reporting, narration, explanation or evaluation label may fit better.",summarising_information; paraphrasing_information; explaining_processes,Use when the sentence as a whole communicatively performs this function: Makes information easier to understand.,Do not use for a sentence that merely mentions this topic or contains a surface cue; tag the whole-sentence communicative purpose.,Positive examples explicitly perform the named communicative function. Near misses share a surface cue or topic area but should be tagged by the whole-sentence purpose.,standard,not_amended_in_v1,0,
150,"Mediation, reformulation and knowledge transfer",8.1,Mediating texts,MED_10,expanding_dense_information,Adds explanation to dense or compressed information.,no,A2,B2,The speaker explains the main point in simpler words for the group. || The note passes on the key information from the report.,"The sentence only contains a surface cue associated with this label. || A more specific reporting, narration, explanation or evaluation label may fit better.",summarising_information; paraphrasing_information; explaining_processes,Use when the sentence as a whole communicatively performs this function: Adds explanation to dense or compressed information.,Do not use for a sentence that merely mentions this topic or contains a surface cue; tag the whole-sentence communicative purpose.,Positive examples explicitly perform the named communicative function. Near misses share a surface cue or topic area but should be tagged by the whole-sentence purpose.,standard,not_amended_in_v1,0,
151,"Mediation, reformulation and knowledge transfer",8.2,Explaining concepts,MED_11,linking_to_prior_knowledge,Connects new information to known information.,no,A2,B2,The speaker explains the main point in simpler words for the group. || The note passes on the key information from the report.,"The sentence only contains a surface cue associated with this label. || A more specific reporting, narration, explanation or evaluation label may fit better.",summarising_information; paraphrasing_information; explaining_processes,Use when the sentence as a whole communicatively performs this function: Connects new information to known information.,Do not use for a sentence that merely mentions this topic or contains a surface cue; tag the whole-sentence communicative purpose.,Positive examples explicitly perform the named communicative function. Near misses share a surface cue or topic area but should be tagged by the whole-sentence purpose.,standard,not_amended_in_v1,0,
152,"Mediation, reformulation and knowledge transfer",8.2,Explaining concepts,MED_12,breaking_down_complex_information,Divides complex information into simpler parts.,no,B1,B2,The speaker explains the main point in simpler words for the group. || The note passes on the key information from the report.,"The sentence only contains a surface cue associated with this label. || A more specific reporting, narration, explanation or evaluation label may fit better.",summarising_information; paraphrasing_information; explaining_processes,Use when the sentence as a whole communicatively performs this function: Divides complex information into simpler parts.,Do not use for a sentence that merely mentions this topic or contains a surface cue; tag the whole-sentence communicative purpose.,Positive examples explicitly perform the named communicative function. Near misses share a surface cue or topic area but should be tagged by the whole-sentence purpose.,standard,not_amended_in_v1,0,
153,"Mediation, reformulation and knowledge transfer",8.2,Explaining concepts,MED_13,defining_concept,Explains what a concept means.,no,A2,B1,The speaker explains the main point in simpler words for the group. || The note passes on the key information from the report.,"The sentence only contains a surface cue associated with this label. || A more specific reporting, narration, explanation or evaluation label may fit better.",summarising_information; paraphrasing_information; explaining_processes,Use when the sentence as a whole communicatively performs this function: Explains what a concept means.,Do not use for a sentence that merely mentions this topic or contains a surface cue; tag the whole-sentence communicative purpose.,Positive examples explicitly perform the named communicative function. Near misses share a surface cue or topic area but should be tagged by the whole-sentence purpose.,standard,not_amended_in_v1,0,
154,"Mediation, reformulation and knowledge transfer",8.2,Explaining concepts,MED_14,clarifying_concept,Makes an abstract or difficult idea clearer.,no,A2,B2,"In other words, the rule applies only to new applications. || The teacher explains the point again in simpler language.","The sentence only contains a surface cue associated with this label. || A more specific reporting, narration, explanation or evaluation label may fit better.",summarising_information; paraphrasing_information; explaining_processes,Use when the sentence as a whole communicatively performs this function: Makes an abstract or difficult idea clearer.,Do not use for a sentence that merely mentions this topic or contains a surface cue; tag the whole-sentence communicative purpose.,Positive examples explicitly perform the named communicative function. Near misses share a surface cue or topic area but should be tagged by the whole-sentence purpose.,standard,not_amended_in_v1,0,
155,"Mediation, reformulation and knowledge transfer",8.2,Explaining concepts,MED_15,illustrating_concept,Explains a concept through an example.,no,A2,B2,The speaker explains the main point in simpler words for the group. || The note passes on the key information from the report.,"The sentence only contains a surface cue associated with this label. || A more specific reporting, narration, explanation or evaluation label may fit better.",summarising_information; paraphrasing_information; explaining_processes,Use when the sentence as a whole communicatively performs this function: Explains a concept through an example.,Do not use for a sentence that merely mentions this topic or contains a surface cue; tag the whole-sentence communicative purpose.,Positive examples explicitly perform the named communicative function. Near misses share a surface cue or topic area but should be tagged by the whole-sentence purpose.,standard,not_amended_in_v1,0,
156,"Mediation, reformulation and knowledge transfer",8.2,Explaining concepts,MED_16,comparing_concepts,Explains similarity or difference between concepts.,no,A2,B2,The text compares the two courses and shows how they differ. || It contrasts the old system with the new one.,"The sentence only contains a surface cue associated with this label. || A more specific reporting, narration, explanation or evaluation label may fit better.",summarising_information; paraphrasing_information; explaining_processes,Use when the sentence as a whole communicatively performs this function: Explains similarity or difference between concepts.,Do not use for a sentence that merely mentions this topic or contains a surface cue; tag the whole-sentence communicative purpose.,Positive examples explicitly perform the named communicative function. Near misses share a surface cue or topic area but should be tagged by the whole-sentence purpose.,standard,not_amended_in_v1,0,
157,"Mediation, reformulation and knowledge transfer",8.2,Explaining concepts,MED_17,reformulating_for_clarity,Says the same thing more clearly.,yes,A2,B2,The speaker explains the main point in simpler words for the group. || The note passes on the key information from the report.,"The sentence only contains a surface cue associated with this label. || A more specific reporting, narration, explanation or evaluation label may fit better.",summarising_information; paraphrasing_information; explaining_processes,Use when the sentence as a whole communicatively performs this function: Says the same thing more clearly.,Do not use for a sentence that merely mentions this topic or contains a surface cue; tag the whole-sentence communicative purpose.,Positive examples explicitly perform the named communicative function. Near misses share a surface cue or topic area but should be tagged by the whole-sentence purpose.,standard,not_amended_in_v1,0,
158,"Mediation, reformulation and knowledge transfer",8.2,Explaining concepts,MED_18,scaffolding_understanding,Supports another person’s understanding step by step.,no,B1,B2,The speaker explains the main point in simpler words for the group. || The note passes on the key information from the report.,"The sentence only contains a surface cue associated with this label. || A more specific reporting, narration, explanation or evaluation label may fit better.",summarising_information; paraphrasing_information; explaining_processes,Use when the sentence as a whole communicatively performs this function: Supports another person’s understanding step by step.,Do not use for a sentence that merely mentions this topic or contains a surface cue; tag the whole-sentence communicative purpose.,Positive examples explicitly perform the named communicative function. Near misses share a surface cue or topic area but should be tagged by the whole-sentence purpose.,standard,not_amended_in_v1,0,
159,"Mediation, reformulation and knowledge transfer",8.3,Mediating communication,MED_19,facilitating_communication,Helps communication between people.,no,A2,B2,The speaker explains the main point in simpler words for the group. || The note passes on the key information from the report.,"The sentence only contains a surface cue associated with this label. || A more specific reporting, narration, explanation or evaluation label may fit better.",summarising_information; paraphrasing_information; explaining_processes,Use when the sentence as a whole communicatively performs this function: Helps communication between people.,Do not use for a sentence that merely mentions this topic or contains a surface cue; tag the whole-sentence communicative purpose.,Positive examples explicitly perform the named communicative function. Near misses share a surface cue or topic area but should be tagged by the whole-sentence purpose.,standard,not_amended_in_v1,0,
160,"Mediation, reformulation and knowledge transfer",8.3,Mediating communication,MED_20,acting_as_intermediary,Passes meaning between people or groups.,no,A2,B2,The speaker explains the main point in simpler words for the group. || The note passes on the key information from the report.,"The sentence only contains a surface cue associated with this label. || A more specific reporting, narration, explanation or evaluation label may fit better.",summarising_information; paraphrasing_information; explaining_processes,Use when the sentence as a whole communicatively performs this function: Passes meaning between people or groups.,Do not use for a sentence that merely mentions this topic or contains a surface cue; tag the whole-sentence communicative purpose.,Positive examples explicitly perform the named communicative function. Near misses share a surface cue or topic area but should be tagged by the whole-sentence purpose.,standard,not_amended_in_v1,0,
161,"Mediation, reformulation and knowledge transfer",8.3,Mediating communication,MED_21,facilitating_pluricultural_space,Helps people from different cultures communicate.,no,B2,C1,The speaker explains the main point in simpler words for the group. || The note passes on the key information from the report.,"The sentence only contains a surface cue associated with this label. || A more specific reporting, narration, explanation or evaluation label may fit better.",summarising_information; paraphrasing_information; explaining_processes,Use when the sentence as a whole communicatively performs this function: Helps people from different cultures communicate.,Do not use for a sentence that merely mentions this topic or contains a surface cue; tag the whole-sentence communicative purpose.,Positive examples explicitly perform the named communicative function. Near misses share a surface cue or topic area but should be tagged by the whole-sentence purpose.,standard,not_amended_in_v1,0,
162,"Mediation, reformulation and knowledge transfer",8.3,Mediating communication,MED_22,resolving_misunderstanding,Addresses misunderstanding.,no,B2,C1,The speaker explains the main point in simpler words for the group. || The note passes on the key information from the report.,"The sentence only contains a surface cue associated with this label. || A more specific reporting, narration, explanation or evaluation label may fit better.",summarising_information; paraphrasing_information; explaining_processes,Use when the sentence as a whole communicatively performs this function: Addresses misunderstanding.,Do not use for a sentence that merely mentions this topic or contains a surface cue; tag the whole-sentence communicative purpose.,Positive examples explicitly perform the named communicative function. Near misses share a surface cue or topic area but should be tagged by the whole-sentence purpose.,standard,not_amended_in_v1,0,
163,"Mediation, reformulation and knowledge transfer",8.3,Mediating communication,MED_23,managing_delicate_situations,Handles sensitive situations.,no,B2,C1,The speaker explains the main point in simpler words for the group. || The note passes on the key information from the report.,"The sentence only contains a surface cue associated with this label. || A more specific reporting, narration, explanation or evaluation label may fit better.",summarising_information; paraphrasing_information; explaining_processes,Use when the sentence as a whole communicatively performs this function: Handles sensitive situations.,Do not use for a sentence that merely mentions this topic or contains a surface cue; tag the whole-sentence communicative purpose.,Positive examples explicitly perform the named communicative function. Near misses share a surface cue or topic area but should be tagged by the whole-sentence purpose.,standard,not_amended_in_v1,0,
164,"Mediation, reformulation and knowledge transfer",8.3,Mediating communication,MED_24,mediating_disagreement,Helps manage conflict or disagreement.,no,B2,C1,The speaker explains the main point in simpler words for the group. || The note passes on the key information from the report.,"The sentence only contains a surface cue associated with this label. || A more specific reporting, narration, explanation or evaluation label may fit better.",summarising_information; paraphrasing_information; explaining_processes,Use when the sentence as a whole communicatively performs this function: Helps manage conflict or disagreement.,Do not use for a sentence that merely mentions this topic or contains a surface cue; tag the whole-sentence communicative purpose.,Positive examples explicitly perform the named communicative function. Near misses share a surface cue or topic area but should be tagged by the whole-sentence purpose.,standard,not_amended_in_v1,0,
165,"Mediation, reformulation and knowledge transfer",8.3,Mediating communication,MED_25,explaining_cultural_reference,Explains culturally specific information.,no,A2,B2,The guide explains the cultural reference behind the change. || This happens because several conditions affect the process.,The sentence reports what happened but does not explain why or how. || The sentence contains 'because' as a detail but the main purpose is event reporting.,reporting_past_events; describing_processes; expressing_cause_effect,Use when the sentence as a whole communicatively performs this function: Explains culturally specific information.,"Do not use just because the sentence contains because, so, as, to or a result phrase if the main function is reporting or narrating events.",Positive examples explicitly perform the named communicative function. Near misses share a surface cue or topic area but should be tagged by the whole-sentence purpose.,standard,not_amended_in_v1,0,
166,"Mediation, reformulation and knowledge transfer",8.3,Mediating communication,MED_26,bridging_language_gap,Supports understanding across languages.,no,A2,B1,The speaker explains the main point in simpler words for the group. || The note passes on the key information from the report.,"The sentence only contains a surface cue associated with this label. || A more specific reporting, narration, explanation or evaluation label may fit better.",summarising_information; paraphrasing_information; explaining_processes,Use when the sentence as a whole communicatively performs this function: Supports understanding across languages.,Do not use for a sentence that merely mentions this topic or contains a surface cue; tag the whole-sentence communicative purpose.,Positive examples explicitly perform the named communicative function. Near misses share a surface cue or topic area but should be tagged by the whole-sentence purpose.,standard,not_amended_in_v1,0,
167,Text organisation and discourse structure,9.1,Organising discourse,DSC_01,introducing_topic,Introduces a topic.,no,A1,A1,"First, I will describe the problem; then I will suggest a solution. || However, there is another point to consider.","The sentence only contains a surface cue associated with this label. || A more specific reporting, narration, explanation or evaluation label may fit better.",explaining_reasons; developing_topic; reporting_past_events,Use when the sentence as a whole communicatively performs this function: Introduces a topic.,Do not use for a sentence that merely mentions this topic or contains a surface cue; tag the whole-sentence communicative purpose.,Positive examples explicitly perform the named communicative function. Near misses share a surface cue or topic area but should be tagged by the whole-sentence purpose.,standard,not_amended_in_v1,0,
168,Text organisation and discourse structure,9.1,Organising discourse,DSC_02,developing_topic,Develops an existing topic.,no,A2,B1,"First, I will describe the problem; then I will suggest a solution. || However, there is another point to consider.","The sentence only contains a surface cue associated with this label. || A more specific reporting, narration, explanation or evaluation label may fit better.",explaining_reasons; developing_topic; reporting_past_events,Use when the sentence as a whole communicatively performs this function: Develops an existing topic.,Do not use for a sentence that merely mentions this topic or contains a surface cue; tag the whole-sentence communicative purpose.,Positive examples explicitly perform the named communicative function. Near misses share a surface cue or topic area but should be tagged by the whole-sentence purpose.,standard,not_amended_in_v1,0,
169,Text organisation and discourse structure,9.1,Organising discourse,DSC_03,shifting_topic,Moves to a new topic.,no,A2,B1,"First, I will describe the problem; then I will suggest a solution. || However, there is another point to consider.","The sentence only contains a surface cue associated with this label. || A more specific reporting, narration, explanation or evaluation label may fit better.",explaining_reasons; developing_topic; reporting_past_events,Use when the sentence as a whole communicatively performs this function: Moves to a new topic.,Do not use for a sentence that merely mentions this topic or contains a surface cue; tag the whole-sentence communicative purpose.,Positive examples explicitly perform the named communicative function. Near misses share a surface cue or topic area but should be tagged by the whole-sentence purpose.,standard,not_amended_in_v1,0,
170,Text organisation and discourse structure,9.1,Organising discourse,DSC_04,returning_to_topic,Returns to an earlier topic.,no,A2,B1,"First, I will describe the problem; then I will suggest a solution. || However, there is another point to consider.","The sentence only contains a surface cue associated with this label. || A more specific reporting, narration, explanation or evaluation label may fit better.",explaining_reasons; developing_topic; reporting_past_events,Use when the sentence as a whole communicatively performs this function: Returns to an earlier topic.,Do not use for a sentence that merely mentions this topic or contains a surface cue; tag the whole-sentence communicative purpose.,Positive examples explicitly perform the named communicative function. Near misses share a surface cue or topic area but should be tagged by the whole-sentence purpose.,standard,not_amended_in_v1,0,
171,Text organisation and discourse structure,9.1,Organising discourse,DSC_05,structuring_sequence,"Marks order such as first, next or finally.",no,A2,B1,"First, I will describe the problem; then I will suggest a solution. || However, there is another point to consider.","The sentence only contains a surface cue associated with this label. || A more specific reporting, narration, explanation or evaluation label may fit better.",explaining_reasons; developing_topic; reporting_past_events,"Use when the sentence as a whole communicatively performs this function: Marks order such as first, next or finally.",Do not use for a sentence that merely mentions this topic or contains a surface cue; tag the whole-sentence communicative purpose.,Positive examples explicitly perform the named communicative function. Near misses share a surface cue or topic area but should be tagged by the whole-sentence purpose.,standard,not_amended_in_v1,0,
172,Text organisation and discourse structure,9.1,Organising discourse,DSC_06,adding_information,Adds further information.,no,A2,B1,"First, I will describe the problem; then I will suggest a solution. || However, there is another point to consider.","The sentence only contains a surface cue associated with this label. || A more specific reporting, narration, explanation or evaluation label may fit better.",explaining_reasons; developing_topic; reporting_past_events,Use when the sentence as a whole communicatively performs this function: Adds further information.,Do not use for a sentence that merely mentions this topic or contains a surface cue; tag the whole-sentence communicative purpose.,Positive examples explicitly perform the named communicative function. Near misses share a surface cue or topic area but should be tagged by the whole-sentence purpose.,standard,not_amended_in_v1,0,
173,Text organisation and discourse structure,9.1,Organising discourse,DSC_07,emphasising_point,Highlights importance.,no,A2,B1,"First, I will describe the problem; then I will suggest a solution. || However, there is another point to consider.",The story describes a dramatic event without saying that it is important. || The sentence contains strong emotion but does not evaluate significance.,explaining_reasons; developing_topic; reporting_past_events,Use when the sentence as a whole communicatively performs this function: Highlights importance.,Do not use for a sentence that merely mentions this topic or contains a surface cue; tag the whole-sentence communicative purpose.,Positive examples explicitly perform the named communicative function. Near misses share a surface cue or topic area but should be tagged by the whole-sentence purpose.,standard,not_amended_in_v1,0,
174,Text organisation and discourse structure,9.1,Organising discourse,DSC_08,summarising_point,Summarises what has been said.,no,A2,B1,"In short, the article says that prices rose while demand fell. || The speaker briefly sums up the main points of the discussion.","The sentence only contains a surface cue associated with this label. || A more specific reporting, narration, explanation or evaluation label may fit better.",explaining_reasons; developing_topic; reporting_past_events,Use when the sentence as a whole communicatively performs this function: Summarises what has been said.,Do not use for a sentence that merely mentions this topic or contains a surface cue; tag the whole-sentence communicative purpose.,Positive examples explicitly perform the named communicative function. Near misses share a surface cue or topic area but should be tagged by the whole-sentence purpose.,standard,not_amended_in_v1,0,
175,Text organisation and discourse structure,9.1,Organising discourse,DSC_09,concluding_discourse,Brings discourse to a close.,no,A2,B1,"First, I will describe the problem; then I will suggest a solution. || However, there is another point to consider.","The sentence only contains a surface cue associated with this label. || A more specific reporting, narration, explanation or evaluation label may fit better.",explaining_reasons; developing_topic; reporting_past_events,Use when the sentence as a whole communicatively performs this function: Brings discourse to a close.,Do not use for a sentence that merely mentions this topic or contains a surface cue; tag the whole-sentence communicative purpose.,Positive examples explicitly perform the named communicative function. Near misses share a surface cue or topic area but should be tagged by the whole-sentence purpose.,standard,not_amended_in_v1,0,
176,Text organisation and discourse structure,9.1,Organising discourse,DSC_10,framing_information,Sets up how information should be interpreted.,no,A2,B1,"First, I will describe the problem; then I will suggest a solution. || However, there is another point to consider.","The sentence only contains a surface cue associated with this label. || A more specific reporting, narration, explanation or evaluation label may fit better.",explaining_reasons; developing_topic; reporting_past_events,Use when the sentence as a whole communicatively performs this function: Sets up how information should be interpreted.,Do not use for a sentence that merely mentions this topic or contains a surface cue; tag the whole-sentence communicative purpose.,Positive examples explicitly perform the named communicative function. Near misses share a surface cue or topic area but should be tagged by the whole-sentence purpose.,standard,not_amended_in_v1,0,
177,Text organisation and discourse structure,9.2,Logical relations,DSC_11,expressing_cause_effect,Marks cause or effect relation.,no,A2,B1,"I cause effect that this is the best option for now. || Personally, I feel cause effect about the proposal.",The sentence reports someone else's feeling without expressing it directly. || The sentence describes an emotional event but gives no stance.,evaluating_quality; expressing_personal_response; reporting_past_events,Use when the sentence as a whole communicatively performs this function: Marks cause or effect relation.,Do not use merely because the topic is emotional or value-laden; the sentence must actually express stance or evaluation.,Positive examples explicitly perform the named communicative function. Near misses share a surface cue or topic area but should be tagged by the whole-sentence purpose.,standard,not_amended_in_v1,0,
178,Text organisation and discourse structure,9.2,Logical relations,DSC_12,expressing_contrast,Marks contrast or opposition.,no,A2,B1,"I contrast that this is the best option for now. || Personally, I feel contrast about the proposal.",The sentence reports someone else's feeling without expressing it directly. || The sentence describes an emotional event but gives no stance.,evaluating_quality; expressing_personal_response; reporting_past_events,Use when the sentence as a whole communicatively performs this function: Marks contrast or opposition.,Do not use merely because the topic is emotional or value-laden; the sentence must actually express stance or evaluation.,Positive examples explicitly perform the named communicative function. Near misses share a surface cue or topic area but should be tagged by the whole-sentence purpose.,standard,not_amended_in_v1,0,
179,Text organisation and discourse structure,9.2,Logical relations,DSC_13,expressing_condition,Marks condition.,no,A2,B1,"I condition that this is the best option for now. || Personally, I feel condition about the proposal.",The sentence reports someone else's feeling without expressing it directly. || The sentence describes an emotional event but gives no stance.,evaluating_quality; expressing_personal_response; reporting_past_events,Use when the sentence as a whole communicatively performs this function: Marks condition.,Do not use merely because the topic is emotional or value-laden; the sentence must actually express stance or evaluation.,Positive examples explicitly perform the named communicative function. Near misses share a surface cue or topic area but should be tagged by the whole-sentence purpose.,standard,not_amended_in_v1,0,
180,Text organisation and discourse structure,9.2,Logical relations,DSC_14,expressing_purpose,Marks purpose.,no,A2,B1,"I purpose that this is the best option for now. || Personally, I feel purpose about the proposal.",The sentence reports someone else's feeling without expressing it directly. || The sentence describes an emotional event but gives no stance.,evaluating_quality; expressing_personal_response; reporting_past_events,Use when the sentence as a whole communicatively performs this function: Marks purpose.,Do not use merely because the topic is emotional or value-laden; the sentence must actually express stance or evaluation.,Positive examples explicitly perform the named communicative function. Near misses share a surface cue or topic area but should be tagged by the whole-sentence purpose.,standard,not_amended_in_v1,0,
181,Text organisation and discourse structure,9.2,Logical relations,DSC_15,expressing_result,Marks result.,no,A2,B1,"I result that this is the best option for now. || Personally, I feel result about the proposal.",The sentence reports someone else's feeling without expressing it directly. || The sentence describes an emotional event but gives no stance.,evaluating_quality; expressing_personal_response; reporting_past_events,Use when the sentence as a whole communicatively performs this function: Marks result.,Do not use merely because the topic is emotional or value-laden; the sentence must actually express stance or evaluation.,Positive examples explicitly perform the named communicative function. Near misses share a surface cue or topic area but should be tagged by the whole-sentence purpose.,standard,not_amended_in_v1,0,
182,Text organisation and discourse structure,9.2,Logical relations,DSC_16,expressing_concession,Marks concession.,no,A2,B1,"I concession that this is the best option for now. || Personally, I feel concession about the proposal.",The sentence reports someone else's feeling without expressing it directly. || The sentence describes an emotional event but gives no stance.,evaluating_quality; expressing_personal_response; reporting_past_events,Use when the sentence as a whole communicatively performs this function: Marks concession.,Do not use merely because the topic is emotional or value-laden; the sentence must actually express stance or evaluation.,Positive examples explicitly perform the named communicative function. Near misses share a surface cue or topic area but should be tagged by the whole-sentence purpose.,standard,not_amended_in_v1,0,
183,Text organisation and discourse structure,9.2,Logical relations,DSC_17,expressing_comparison,Marks comparison.,no,A2,B1,"I comparison that this is the best option for now. || Personally, I feel comparison about the proposal.",The sentence reports someone else's feeling without expressing it directly. || The sentence describes an emotional event but gives no stance.,evaluating_quality; expressing_personal_response; reporting_past_events,Use when the sentence as a whole communicatively performs this function: Marks comparison.,Do not use merely because the topic is emotional or value-laden; the sentence must actually express stance or evaluation.,Positive examples explicitly perform the named communicative function. Near misses share a surface cue or topic area but should be tagged by the whole-sentence purpose.,standard,not_amended_in_v1,0,
184,Text organisation and discourse structure,9.2,Logical relations,DSC_18,expressing_addition,Marks addition.,no,A2,B1,"I addition that this is the best option for now. || Personally, I feel addition about the proposal.",The sentence reports someone else's feeling without expressing it directly. || The sentence describes an emotional event but gives no stance.,evaluating_quality; expressing_personal_response; reporting_past_events,Use when the sentence as a whole communicatively performs this function: Marks addition.,Do not use merely because the topic is emotional or value-laden; the sentence must actually express stance or evaluation.,Positive examples explicitly perform the named communicative function. Near misses share a surface cue or topic area but should be tagged by the whole-sentence purpose.,standard,not_amended_in_v1,0,
185,Text organisation and discourse structure,9.2,Logical relations,DSC_19,expressing_alternative,Presents alternatives.,no,A2,B1,"I alternative that this is the best option for now. || Personally, I feel alternative about the proposal.",The sentence reports someone else's feeling without expressing it directly. || The sentence describes an emotional event but gives no stance.,evaluating_quality; expressing_personal_response; reporting_past_events,Use when the sentence as a whole communicatively performs this function: Presents alternatives.,Do not use merely because the topic is emotional or value-laden; the sentence must actually express stance or evaluation.,Positive examples explicitly perform the named communicative function. Near misses share a surface cue or topic area but should be tagged by the whole-sentence purpose.,standard,not_amended_in_v1,0,
186,Text organisation and discourse structure,9.2,Logical relations,DSC_20,expressing_example,Introduces an example.,no,A2,B1,"I example that this is the best option for now. || Personally, I feel example about the proposal.",The sentence reports someone else's feeling without expressing it directly. || The sentence describes an emotional event but gives no stance.,evaluating_quality; expressing_personal_response; reporting_past_events,Use when the sentence as a whole communicatively performs this function: Introduces an example.,Do not use merely because the topic is emotional or value-laden; the sentence must actually express stance or evaluation.,Positive examples explicitly perform the named communicative function. Near misses share a surface cue or topic area but should be tagged by the whole-sentence purpose.,standard,not_amended_in_v1,0,
187,"Public, institutional and academic communication",10.1,Public communication,PUB_01,public_announcement,Announces public information.,yes,B1,B2,The university announced that applications will open in September. || The report presents the organisation's official response.,"The sentence only contains a surface cue associated with this label. || A more specific reporting, narration, explanation or evaluation label may fit better.",stating_facts; relaying_specific_information; reporting_past_events,Use when the sentence as a whole communicatively performs this function: Announces public information.,"Do not use merely because the topic is public life; the sentence must perform the specific public, institutional or academic function.",Positive examples explicitly perform the named communicative function. Near misses share a surface cue or topic area but should be tagged by the whole-sentence purpose.,standard,not_amended_in_v1,0,
188,"Public, institutional and academic communication",10.1,Public communication,PUB_02,institutional_reporting,Reports what an institution says or does.,yes,B1,B2,The council approved the new housing plan on Tuesday. || The university announced changes to its admissions process.,Fire crews were called to a blaze near the council building. || The school is located next to the police station.,reporting_past_events; media_reporting; reporting_decisions; quoting_or_attributing,"Use when the sentence reports an institution's action, announcement, position, procedure, decision or finding as an institutional act.","Do not use merely because the sentence mentions government, police, schools, courts, councils or emergency services.",Positive examples explicitly perform the named communicative function. Near misses share a surface cue or topic area but should be tagged by the whole-sentence purpose.,high,not_amended_in_v1,0,
189,"Public, institutional and academic communication",10.1,Public communication,PUB_03,reporting_policy,"Reports policy, rules or regulations.",yes,B2,B2,The report says that the policy were recorded yesterday. || Officials reported new policy after the review was completed.,"The sentence merely mentions a public body as a place or topic. || The sentence reports a past incident but not an official position, decision or policy.",reporting_past_events; relaying_specific_information; media_reporting,"Use when the sentence as a whole communicatively performs this function: Reports policy, rules or regulations.","Do not use when the sentence only contains a topic cue; check whether narration, description, explanation or evaluation is the main function.",Positive examples explicitly perform the named communicative function. Near misses share a surface cue or topic area but should be tagged by the whole-sentence purpose.,standard,not_amended_in_v1,0,
190,"Public, institutional and academic communication",10.1,Public communication,PUB_04,reporting_decisions,Reports decisions by people or institutions.,yes,B1,B2,The report says that the decisions were recorded yesterday. || Officials reported new decisions after the review was completed.,"The sentence only contains a surface cue associated with this label. || A more specific reporting, narration, explanation or evaluation label may fit better.",reporting_past_events; relaying_specific_information; media_reporting,Use when the sentence as a whole communicatively performs this function: Reports decisions by people or institutions.,"Do not use when the sentence only contains a topic cue; check whether narration, description, explanation or evaluation is the main function.",Positive examples explicitly perform the named communicative function. Near misses share a surface cue or topic area but should be tagged by the whole-sentence purpose.,standard,not_amended_in_v1,0,
191,"Public, institutional and academic communication",10.1,Public communication,PUB_05,legal_or_administrative_statement,States legal or administrative information.,no,B2,B2,The university announced that applications will open in September. || The report presents the organisation's official response.,"The sentence only contains a surface cue associated with this label. || A more specific reporting, narration, explanation or evaluation label may fit better.",stating_facts; relaying_specific_information; reporting_past_events,Use when the sentence as a whole communicatively performs this function: States legal or administrative information.,"Do not use merely because the topic is public life; the sentence must perform the specific public, institutional or academic function.",Positive examples explicitly perform the named communicative function. Near misses share a surface cue or topic area but should be tagged by the whole-sentence purpose.,standard,not_amended_in_v1,0,
192,"Public, institutional and academic communication",10.1,Public communication,PUB_06,civic_information,Gives information about public life or government.,no,B1,B2,The university announced that applications will open in September. || The report presents the organisation's official response.,"The sentence only contains a surface cue associated with this label. || A more specific reporting, narration, explanation or evaluation label may fit better.",stating_facts; relaying_specific_information; reporting_past_events,Use when the sentence as a whole communicatively performs this function: Gives information about public life or government.,"Do not use merely because the topic is public life; the sentence must perform the specific public, institutional or academic function.",Positive examples explicitly perform the named communicative function. Near misses share a surface cue or topic area but should be tagged by the whole-sentence purpose.,standard,not_amended_in_v1,0,
193,"Public, institutional and academic communication",10.1,Public communication,PUB_07,media_reporting,Reports news or media content.,yes,B1,B2,The university announced that applications will open in September. || The report presents the organisation's official response.,"The sentence only contains a surface cue associated with this label. || A more specific reporting, narration, explanation or evaluation label may fit better.",reporting_past_events; institutional_reporting; quoting_or_attributing; relaying_specific_information,"Use when the sentence is reporting news or media content as media coverage, not merely describing an event that appears in the news.","Do not use merely because the topic is public life; the sentence must perform the specific public, institutional or academic function.",Positive examples explicitly perform the named communicative function. Near misses share a surface cue or topic area but should be tagged by the whole-sentence purpose.,high,not_amended_in_v1,0,
194,"Public, institutional and academic communication",10.1,Public communication,PUB_08,quoting_or_attributing,Quotes or attributes a statement.,yes,B1,B2,He said the policy would change next year. || Doctors told him his symptoms would get worse very quickly. || Bloomsbury added that the company’s ability to reach readers remains important.,"For instance, the term “thermal conductivity” refers to a material’s ability to conduct heat. || Chinese AI developer DeepSeek has unveiled its latest model, describing it as an experimental release. || She could also function largely as a “summoner class”. || We appreciate and thank Amazon MGM Studios for what they have done. || Consultant Gail offered support to Carole, and the following 12 months were a meaningful journey.",reporting_past_events; defining_terms; evaluating_quality; expressing_opinion; thanking; narrating_events; describing_characteristics; relaying_specific_information,"Use only when the sentence’s main communicative act is to attribute speech, writing, claims, statements, announcements, descriptions, praise, blame, or reported content to a source. Attribution must be central to the whole sentence, not merely embedded in another event report, narrative, definition, or evaluation.","Do not use merely because the sentence contains quotation marks, corrupted quote characters, a named person, a source name, a title, a role, a reported topic, or an embedded phrase such as “describing it as”. Do not use for quoted terms, quoted labels, product/class names, first-person opinions, thanks, or statements where the main function is reporting an event, defining a term, narrating a plot, evaluating quality, or describing features.","Manual review showed this label was the most frequent overreach. Preserve genuine cases such as “he said”, “doctors told him”, and “added Bloomsbury”, but reject quotation-mark and embedded-attribution traps.",critical,amended_from_manual_diagnostic_batches_v1,15+,attribution_overreach; quotation_mark_trap; corrupted_quote_trap; embedded_attribution; first_person_opinion_trap
195,"Public, institutional and academic communication",10.1,Public communication,PUB_09,presenting_official_position,States an official view or position.,no,B2,B2,The university announced that applications will open in September. || The report presents the organisation's official response.,"The sentence merely mentions a public body as a place or topic. || The sentence reports a past incident but not an official position, decision or policy.",stating_facts; relaying_specific_information; reporting_past_events,Use when the sentence as a whole communicatively performs this function: States an official view or position.,"Do not use merely because the topic is public life; the sentence must perform the specific public, institutional or academic function.",Positive examples explicitly perform the named communicative function. Near misses share a surface cue or topic area but should be tagged by the whole-sentence purpose.,standard,not_amended_in_v1,0,
196,"Public, institutional and academic communication",10.1,Public communication,PUB_10,announcing_change,"Announces a change, reform or update.",no,B1,B2,The university announced that applications will open in September. || The report presents the organisation's official response.,"The sentence only contains a surface cue associated with this label. || A more specific reporting, narration, explanation or evaluation label may fit better.",stating_facts; relaying_specific_information; reporting_past_events,"Use when the sentence as a whole communicatively performs this function: Announces a change, reform or update.","Do not use merely because the topic is public life; the sentence must perform the specific public, institutional or academic function.",Positive examples explicitly perform the named communicative function. Near misses share a surface cue or topic area but should be tagged by the whole-sentence purpose.,standard,not_amended_in_v1,0,
197,"Public, institutional and academic communication",10.2,Academic and professional communication,PRO_01,academic_explanation,Explains academic or educational content.,yes,B2,B2,The university announced that applications will open in September. || The report presents the organisation's official response.,"The sentence only contains a surface cue associated with this label. || A more specific reporting, narration, explanation or evaluation label may fit better.",stating_facts; relaying_specific_information; reporting_past_events,Use when the sentence as a whole communicatively performs this function: Explains academic or educational content.,"Do not use merely because the topic is public life; the sentence must perform the specific public, institutional or academic function.",Positive examples explicitly perform the named communicative function. Near misses share a surface cue or topic area but should be tagged by the whole-sentence purpose.,standard,not_amended_in_v1,0,
198,"Public, institutional and academic communication",10.2,Academic and professional communication,PRO_02,professional_reporting,Reports work or professional information.,yes,B1,B2,The report sets out the audit findings and recommendations. || The consultant submitted a professional report on compliance risks.,A tax voters approved last November requires Oakland to maintain at least 700 sworn officers. || SAG-AFTRA sought language that protected its members’ ability to prevent replicas being used.,reporting_past_events; presenting_official_position; institutional_reporting; relaying_specific_information,"Use only when the sentence belongs to, reports, or characterises professional or formal reporting activity as such.","Do not use merely because the topic is civic, legal, organisational, workplace-related, or institutional. Tag the whole-sentence communicative act instead.",Manual review showed domain labels can overreach when the sentence is really reporting a past event or civic development.,medium,amended_from_manual_diagnostic_batches_v1,1+,domain_label_overreach
199,"Public, institutional and academic communication",10.2,Academic and professional communication,PRO_03,presenting_research,"Presents research, findings or evidence.",no,B2,B2,The university announced that applications will open in September. || The report presents the organisation's official response.,"The sentence only contains a surface cue associated with this label. || A more specific reporting, narration, explanation or evaluation label may fit better.",stating_facts; relaying_specific_information; reporting_past_events,"Use when the sentence as a whole communicatively performs this function: Presents research, findings or evidence.","Do not use merely because the topic is public life; the sentence must perform the specific public, institutional or academic function.",Positive examples explicitly perform the named communicative function. Near misses share a surface cue or topic area but should be tagged by the whole-sentence purpose.,standard,not_amended_in_v1,0,
200,"Public, institutional and academic communication",10.2,Academic and professional communication,PRO_04,discussing_specialist_topic,Discusses a specialist domain.,no,B2,B2,The university announced that applications will open in September. || The report presents the organisation's official response.,"The sentence only contains a surface cue associated with this label. || A more specific reporting, narration, explanation or evaluation label may fit better.",stating_facts; relaying_specific_information; reporting_past_events,Use when the sentence as a whole communicatively performs this function: Discusses a specialist domain.,"Do not use merely because the topic is public life; the sentence must perform the specific public, institutional or academic function.",Positive examples explicitly perform the named communicative function. Near misses share a surface cue or topic area but should be tagged by the whole-sentence purpose.,standard,not_amended_in_v1,0,
201,"Public, institutional and academic communication",10.2,Academic and professional communication,PRO_05,formal_presentation,Presents information formally.,no,B2,B2,The university announced that applications will open in September. || The report presents the organisation's official response.,"The sentence only contains a surface cue associated with this label. || A more specific reporting, narration, explanation or evaluation label may fit better.",stating_facts; relaying_specific_information; reporting_past_events,Use when the sentence as a whole communicatively performs this function: Presents information formally.,"Do not use merely because the topic is public life; the sentence must perform the specific public, institutional or academic function.",Positive examples explicitly perform the named communicative function. Near misses share a surface cue or topic area but should be tagged by the whole-sentence purpose.,standard,not_amended_in_v1,0,
202,"Public, institutional and academic communication",10.2,Academic and professional communication,PRO_06,writing_report_or_essay,Belongs to report or essay-style argumentation.,no,B1,B2,The university announced that applications will open in September. || The report presents the organisation's official response.,"The sentence only contains a surface cue associated with this label. || A more specific reporting, narration, explanation or evaluation label may fit better.",stating_facts; relaying_specific_information; reporting_past_events,Use when the sentence as a whole communicatively performs this function: Belongs to report or essay-style argumentation.,"Do not use merely because the topic is public life; the sentence must perform the specific public, institutional or academic function.",Positive examples explicitly perform the named communicative function. Near misses share a surface cue or topic area but should be tagged by the whole-sentence purpose.,standard,not_amended_in_v1,0,
203,"Public, institutional and academic communication",10.2,Academic and professional communication,PRO_07,analysing_information,Analyses information or evidence.,no,B2,B2,The university announced that applications will open in September. || The report presents the organisation's official response.,"The sentence only contains a surface cue associated with this label. || A more specific reporting, narration, explanation or evaluation label may fit better.",stating_facts; relaying_specific_information; reporting_past_events,Use when the sentence as a whole communicatively performs this function: Analyses information or evidence.,"Do not use merely because the topic is public life; the sentence must perform the specific public, institutional or academic function.",Positive examples explicitly perform the named communicative function. Near misses share a surface cue or topic area but should be tagged by the whole-sentence purpose.,standard,not_amended_in_v1,0,
204,"Public, institutional and academic communication",10.2,Academic and professional communication,PRO_08,synthesising_information,Combines information from multiple sources.,no,B2,B2,The university announced that applications will open in September. || The report presents the organisation's official response.,"The sentence only contains a surface cue associated with this label. || A more specific reporting, narration, explanation or evaluation label may fit better.",stating_facts; relaying_specific_information; reporting_past_events,Use when the sentence as a whole communicatively performs this function: Combines information from multiple sources.,"Do not use merely because the topic is public life; the sentence must perform the specific public, institutional or academic function.",Positive examples explicitly perform the named communicative function. Near misses share a surface cue or topic area but should be tagged by the whole-sentence purpose.,standard,not_amended_in_v1,0,
205,"Public, institutional and academic communication",10.2,Academic and professional communication,PRO_09,evaluating_professional_options,Evaluates work or professional options.,no,B2,B2,This plan is highly professional options for the success of the project. || The report assesses the professional options of the proposed solution.,The sentence describes a situation without judging it. || The sentence reports an event but gives no assessment.,expressing_opinion; analysing_information; reporting_past_events,Use when the sentence as a whole communicatively performs this function: Evaluates work or professional options.,Do not use merely because the topic is emotional or value-laden; the sentence must actually express stance or evaluation.,Positive examples explicitly perform the named communicative function. Near misses share a surface cue or topic area but should be tagged by the whole-sentence purpose.,standard,not_amended_in_v1,0,
206,"Public, institutional and academic communication",10.2,Academic and professional communication,PRO_10,giving_professional_recommendation,Gives recommendation in a professional context.,no,B2,B2,The notice gives professional recommendation for visitors. || The webpage provides clear professional recommendation about the service.,The sentence asks for information rather than giving it. || The sentence evaluates information rather than providing it.,stating_facts; relaying_specific_information; reporting_past_events,Use when the sentence as a whole communicatively performs this function: Gives recommendation in a professional context.,"Do not use merely because the topic is public life; the sentence must perform the specific public, institutional or academic function.",Positive examples explicitly perform the named communicative function. Near misses share a surface cue or topic area but should be tagged by the whole-sentence purpose.,standard,not_amended_in_v1,0,
207,"Creative, literary and cultural response",11.1,Creative expression,CRE_01,creative_description,Uses imaginative description.,no,A2,B2,The story follows a young traveller who discovers a hidden city. || The review explains how the poem creates a feeling of loss.,"The sentence only contains a surface cue associated with this label. || A more specific reporting, narration, explanation or evaluation label may fit better.",narrating_events; expressing_personal_response; literary_or_cultural_interpretation,Use when the sentence as a whole communicatively performs this function: Uses imaginative description.,Do not use for a sentence that merely mentions this topic or contains a surface cue; tag the whole-sentence communicative purpose.,Positive examples explicitly perform the named communicative function. Near misses share a surface cue or topic area but should be tagged by the whole-sentence purpose.,standard,not_amended_in_v1,0,
208,"Creative, literary and cultural response",11.1,Creative expression,CRE_02,storytelling,Tells a fictional or stylised story.,no,A2,B2,The story follows a young traveller who discovers a hidden city. || The review explains how the poem creates a feeling of loss.,"The sentence only contains a surface cue associated with this label. || A more specific reporting, narration, explanation or evaluation label may fit better.",narrating_events; creative_description; summarising_creative_text,Use when the sentence as a whole communicatively performs this function: Tells a fictional or stylised story.,Do not use for a sentence that merely mentions this topic or contains a surface cue; tag the whole-sentence communicative purpose.,Positive examples explicitly perform the named communicative function. Near misses share a surface cue or topic area but should be tagged by the whole-sentence purpose.,high,not_amended_in_v1,0,
209,"Creative, literary and cultural response",11.1,Creative expression,CRE_03,expressing_imagined_situation,Describes an imagined or hypothetical world.,no,A2,B2,"I imagined situation that this is the best option for now. || Personally, I feel imagined situation about the proposal.",The sentence reports someone else's feeling without expressing it directly. || The sentence describes an emotional event but gives no stance.,evaluating_quality; expressing_personal_response; reporting_past_events,Use when the sentence as a whole communicatively performs this function: Describes an imagined or hypothetical world.,Do not use merely because the topic is emotional or value-laden; the sentence must actually express stance or evaluation.,Positive examples explicitly perform the named communicative function. Near misses share a surface cue or topic area but should be tagged by the whole-sentence purpose.,standard,not_amended_in_v1,0,
210,"Creative, literary and cultural response",11.1,Creative expression,CRE_04,aesthetic_expression,Uses language for artistic or stylistic effect.,no,B2,C1,The story follows a young traveller who discovers a hidden city. || The review explains how the poem creates a feeling of loss.,"The sentence only contains a surface cue associated with this label. || A more specific reporting, narration, explanation or evaluation label may fit better.",narrating_events; expressing_personal_response; literary_or_cultural_interpretation,Use when the sentence as a whole communicatively performs this function: Uses language for artistic or stylistic effect.,Do not use for a sentence that merely mentions this topic or contains a surface cue; tag the whole-sentence communicative purpose.,Positive examples explicitly perform the named communicative function. Near misses share a surface cue or topic area but should be tagged by the whole-sentence purpose.,standard,not_amended_in_v1,0,
211,"Creative, literary and cultural response",11.1,Creative expression,CRE_05,personal_reflection,Reflects personally on experience or text.,no,A2,B2,The story follows a young traveller who discovers a hidden city. || The review explains how the poem creates a feeling of loss.,"The sentence only contains a surface cue associated with this label. || A more specific reporting, narration, explanation or evaluation label may fit better.",narrating_events; expressing_personal_response; literary_or_cultural_interpretation,Use when the sentence as a whole communicatively performs this function: Reflects personally on experience or text.,Do not use for a sentence that merely mentions this topic or contains a surface cue; tag the whole-sentence communicative purpose.,Positive examples explicitly perform the named communicative function. Near misses share a surface cue or topic area but should be tagged by the whole-sentence purpose.,standard,not_amended_in_v1,0,
212,"Creative, literary and cultural response",11.2,Cultural/literary response,CRE_06,responding_to_creative_text,Gives personal response to creative or literary text.,no,A2,B2,The story follows a young traveller who discovers a hidden city. || The review explains how the poem creates a feeling of loss.,"The sentence only contains a surface cue associated with this label. || A more specific reporting, narration, explanation or evaluation label may fit better.",narrating_events; expressing_personal_response; literary_or_cultural_interpretation,Use when the sentence as a whole communicatively performs this function: Gives personal response to creative or literary text.,Do not use for a sentence that merely mentions this topic or contains a surface cue; tag the whole-sentence communicative purpose.,Positive examples explicitly perform the named communicative function. Near misses share a surface cue or topic area but should be tagged by the whole-sentence purpose.,standard,not_amended_in_v1,0,
213,"Creative, literary and cultural response",11.2,Cultural/literary response,CRE_07,summarising_creative_text,"Summarises a story, film, poem, play or similar text.",no,A2,B1,The episode follows a detective who travels across America solving murder cases. || The novel tells the story of a young woman searching for her family.,There are currently 23 playable characters and more than 350 in-game abilities to unlock. || The Pro plan includes 240 channels and unlimited cloud DVR space.,describing_characteristics; narrating_events; reporting_past_events; specifying_details,"Use when the sentence summarises the content, plot, episode, film, story, poem, play, game narrative, or other creative text as a text.","Do not use merely because the sentence refers to a game, film, TV show, character, or creative domain. Feature lists, game mechanics, channel lists, and product descriptions are usually describing_characteristics or specifying_details.",Manual review showed creative/media topic can trigger this label even when the sentence is describing game features rather than summarising a creative text.,medium,amended_from_manual_diagnostic_batches_v1,2+,creative_domain_trap; feature_description_missed
214,"Creative, literary and cultural response",11.2,Cultural/literary response,CRE_08,interpreting_creative_text,Interprets meaning in creative or literary text.,no,B2,C1,The story follows a young traveller who discovers a hidden city. || The review explains how the poem creates a feeling of loss.,"The sentence only contains a surface cue associated with this label. || A more specific reporting, narration, explanation or evaluation label may fit better.",narrating_events; expressing_personal_response; literary_or_cultural_interpretation,Use when the sentence as a whole communicatively performs this function: Interprets meaning in creative or literary text.,Do not use for a sentence that merely mentions this topic or contains a surface cue; tag the whole-sentence communicative purpose.,Positive examples explicitly perform the named communicative function. Near misses share a surface cue or topic area but should be tagged by the whole-sentence purpose.,standard,not_amended_in_v1,0,
215,"Creative, literary and cultural response",11.2,Cultural/literary response,CRE_09,analysing_character_or_theme,"Analyses character, theme or plot.",no,B2,C1,The story follows a young traveller who discovers a hidden city. || The review explains how the poem creates a feeling of loss.,"The sentence only contains a surface cue associated with this label. || A more specific reporting, narration, explanation or evaluation label may fit better.",narrating_events; expressing_personal_response; literary_or_cultural_interpretation,"Use when the sentence as a whole communicatively performs this function: Analyses character, theme or plot.",Do not use for a sentence that merely mentions this topic or contains a surface cue; tag the whole-sentence communicative purpose.,Positive examples explicitly perform the named communicative function. Near misses share a surface cue or topic area but should be tagged by the whole-sentence purpose.,standard,not_amended_in_v1,0,
216,"Creative, literary and cultural response",11.2,Cultural/literary response,CRE_10,criticising_creative_text,Gives critical evaluation of creative or literary text.,no,B2,C1,The story follows a young traveller who discovers a hidden city. || The review explains how the poem creates a feeling of loss.,"The sentence only contains a surface cue associated with this label. || A more specific reporting, narration, explanation or evaluation label may fit better.",narrating_events; expressing_personal_response; literary_or_cultural_interpretation,Use when the sentence as a whole communicatively performs this function: Gives critical evaluation of creative or literary text.,Do not use for a sentence that merely mentions this topic or contains a surface cue; tag the whole-sentence communicative purpose.,Positive examples explicitly perform the named communicative function. Near misses share a surface cue or topic area but should be tagged by the whole-sentence purpose.,standard,not_amended_in_v1,0,
217,"Creative, literary and cultural response",11.2,Cultural/literary response,CRE_11,relating_text_to_experience,Connects a text to personal or world experience.,no,A2,B2,The story follows a young traveller who discovers a hidden city. || The review explains how the poem creates a feeling of loss.,"The sentence only contains a surface cue associated with this label. || A more specific reporting, narration, explanation or evaluation label may fit better.",narrating_events; expressing_personal_response; literary_or_cultural_interpretation,Use when the sentence as a whole communicatively performs this function: Connects a text to personal or world experience.,Do not use for a sentence that merely mentions this topic or contains a surface cue; tag the whole-sentence communicative purpose.,Positive examples explicitly perform the named communicative function. Near misses share a surface cue or topic area but should be tagged by the whole-sentence purpose.,standard,not_amended_in_v1,0,
218,"Creative, literary and cultural response",11.2,Cultural/literary response,CRE_12,explaining_cultural_meaning,Explains cultural significance.,no,A2,B2,The guide explains the cultural meaning behind the change. || This happens because several conditions affect the process.,The sentence reports what happened but does not explain why or how. || The sentence contains 'because' as a detail but the main purpose is event reporting.,reporting_past_events; describing_processes; expressing_cause_effect,Use when the sentence as a whole communicatively performs this function: Explains cultural significance.,"Do not use just because the sentence contains because, so, as, to or a result phrase if the main function is reporting or narrating events.",Positive examples explicitly perform the named communicative function. Near misses share a surface cue or topic area but should be tagged by the whole-sentence purpose.,standard,not_amended_in_v1,0,
219,Plurilingual and pluricultural functions,12.1,Plurilingual communication,PLU_01,drawing_on_multiple_languages,Uses or references more than one language.,no,A2,B2,In Spanish this word means something different from the English word. || The speaker explains the cultural meaning of the greeting.,"The sentence only contains a surface cue associated with this label. || A more specific reporting, narration, explanation or evaluation label may fit better.",translating_or_rendering_meaning; explaining_cultural_reference; adapting_text_for_audience,Use when the sentence as a whole communicatively performs this function: Uses or references more than one language.,Do not use for a sentence that merely mentions this topic or contains a surface cue; tag the whole-sentence communicative purpose.,Positive examples explicitly perform the named communicative function. Near misses share a surface cue or topic area but should be tagged by the whole-sentence purpose.,standard,not_amended_in_v1,0,
220,Plurilingual and pluricultural functions,12.1,Plurilingual communication,PLU_02,comparing_languages,"Compares words, forms or meanings across languages.",no,A2,B2,The text compares the two courses and shows how they differ. || It contrasts the old system with the new one.,"The sentence only contains a surface cue associated with this label. || A more specific reporting, narration, explanation or evaluation label may fit better.",translating_or_rendering_meaning; explaining_cultural_reference; adapting_text_for_audience,"Use when the sentence as a whole communicatively performs this function: Compares words, forms or meanings across languages.",Do not use for a sentence that merely mentions this topic or contains a surface cue; tag the whole-sentence communicative purpose.,Positive examples explicitly perform the named communicative function. Near misses share a surface cue or topic area but should be tagged by the whole-sentence purpose.,standard,not_amended_in_v1,0,
221,Plurilingual and pluricultural functions,12.1,Plurilingual communication,PLU_03,explaining_language_difference,Explains how languages differ.,no,A2,B2,The guide explains the language difference behind the change. || This happens because several conditions affect the process.,The sentence reports what happened but does not explain why or how. || The sentence contains 'because' as a detail but the main purpose is event reporting.,reporting_past_events; describing_processes; expressing_cause_effect,Use when the sentence as a whole communicatively performs this function: Explains how languages differ.,"Do not use just because the sentence contains because, so, as, to or a result phrase if the main function is reporting or narrating events.",Positive examples explicitly perform the named communicative function. Near misses share a surface cue or topic area but should be tagged by the whole-sentence purpose.,standard,not_amended_in_v1,0,
222,Plurilingual and pluricultural functions,12.1,Plurilingual communication,PLU_04,supporting_cross_linguistic_understanding,Helps understanding across languages.,no,A2,B2,In Spanish this word means something different from the English word. || The speaker explains the cultural meaning of the greeting.,"The sentence only contains a surface cue associated with this label. || A more specific reporting, narration, explanation or evaluation label may fit better.",translating_or_rendering_meaning; explaining_cultural_reference; adapting_text_for_audience,Use when the sentence as a whole communicatively performs this function: Helps understanding across languages.,Do not use for a sentence that merely mentions this topic or contains a surface cue; tag the whole-sentence communicative purpose.,Positive examples explicitly perform the named communicative function. Near misses share a surface cue or topic area but should be tagged by the whole-sentence purpose.,standard,not_amended_in_v1,0,
223,Plurilingual and pluricultural functions,12.1,Plurilingual communication,PLU_05,using_translation_equivalent,Gives or discusses translation equivalents.,no,A2,B1,In Spanish this word means something different from the English word. || The speaker explains the cultural meaning of the greeting.,"The sentence only contains a surface cue associated with this label. || A more specific reporting, narration, explanation or evaluation label may fit better.",translating_or_rendering_meaning; explaining_cultural_reference; adapting_text_for_audience,Use when the sentence as a whole communicatively performs this function: Gives or discusses translation equivalents.,Do not use for a sentence that merely mentions this topic or contains a surface cue; tag the whole-sentence communicative purpose.,Positive examples explicitly perform the named communicative function. Near misses share a surface cue or topic area but should be tagged by the whole-sentence purpose.,standard,not_amended_in_v1,0,
224,Plurilingual and pluricultural functions,12.1,Plurilingual communication,PLU_06,clarifying_multilingual_meaning,Clarifies meaning across languages.,no,A2,B1,"In other words, the rule applies only to new applications. || The teacher explains the point again in simpler language.","The sentence only contains a surface cue associated with this label. || A more specific reporting, narration, explanation or evaluation label may fit better.",translating_or_rendering_meaning; explaining_cultural_reference; adapting_text_for_audience,Use when the sentence as a whole communicatively performs this function: Clarifies meaning across languages.,Do not use for a sentence that merely mentions this topic or contains a surface cue; tag the whole-sentence communicative purpose.,Positive examples explicitly perform the named communicative function. Near misses share a surface cue or topic area but should be tagged by the whole-sentence purpose.,standard,not_amended_in_v1,0,
225,Plurilingual and pluricultural functions,12.2,Pluricultural communication,PLC_01,comparing_cultures,Compares cultural practices or assumptions.,no,B1,B2,The text compares the two courses and shows how they differ. || It contrasts the old system with the new one.,"The sentence only contains a surface cue associated with this label. || A more specific reporting, narration, explanation or evaluation label may fit better.",translating_or_rendering_meaning; explaining_cultural_reference; adapting_text_for_audience,Use when the sentence as a whole communicatively performs this function: Compares cultural practices or assumptions.,Do not use for a sentence that merely mentions this topic or contains a surface cue; tag the whole-sentence communicative purpose.,Positive examples explicitly perform the named communicative function. Near misses share a surface cue or topic area but should be tagged by the whole-sentence purpose.,standard,not_amended_in_v1,0,
226,Plurilingual and pluricultural functions,12.2,Pluricultural communication,PLC_02,explaining_cultural_practice,Explains a cultural behaviour or custom.,no,B1,B2,The guide explains the cultural practice behind the change. || This happens because several conditions affect the process.,The sentence reports what happened but does not explain why or how. || The sentence contains 'because' as a detail but the main purpose is event reporting.,reporting_past_events; describing_processes; expressing_cause_effect,Use when the sentence as a whole communicatively performs this function: Explains a cultural behaviour or custom.,"Do not use just because the sentence contains because, so, as, to or a result phrase if the main function is reporting or narrating events.",Positive examples explicitly perform the named communicative function. Near misses share a surface cue or topic area but should be tagged by the whole-sentence purpose.,standard,not_amended_in_v1,0,
227,Plurilingual and pluricultural functions,12.2,Pluricultural communication,PLC_03,interpreting_cultural_difference,Interprets cultural difference.,no,B1,B2,In Spanish this word means something different from the English word. || The speaker explains the cultural meaning of the greeting.,"The sentence only contains a surface cue associated with this label. || A more specific reporting, narration, explanation or evaluation label may fit better.",translating_or_rendering_meaning; explaining_cultural_reference; adapting_text_for_audience,Use when the sentence as a whole communicatively performs this function: Interprets cultural difference.,Do not use for a sentence that merely mentions this topic or contains a surface cue; tag the whole-sentence communicative purpose.,Positive examples explicitly perform the named communicative function. Near misses share a surface cue or topic area but should be tagged by the whole-sentence purpose.,standard,not_amended_in_v1,0,
228,Plurilingual and pluricultural functions,12.2,Pluricultural communication,PLC_04,avoiding_cultural_misunderstanding,Prevents or resolves cultural misunderstanding.,no,B1,B2,In Spanish this word means something different from the English word. || The speaker explains the cultural meaning of the greeting.,"The sentence only contains a surface cue associated with this label. || A more specific reporting, narration, explanation or evaluation label may fit better.",translating_or_rendering_meaning; explaining_cultural_reference; adapting_text_for_audience,Use when the sentence as a whole communicatively performs this function: Prevents or resolves cultural misunderstanding.,Do not use for a sentence that merely mentions this topic or contains a surface cue; tag the whole-sentence communicative purpose.,Positive examples explicitly perform the named communicative function. Near misses share a surface cue or topic area but should be tagged by the whole-sentence purpose.,standard,not_amended_in_v1,0,
229,Plurilingual and pluricultural functions,12.2,Pluricultural communication,PLC_05,building_pluricultural_space,Creates shared understanding across cultures.,no,B2,C1,In Spanish this word means something different from the English word. || The speaker explains the cultural meaning of the greeting.,"The sentence only contains a surface cue associated with this label. || A more specific reporting, narration, explanation or evaluation label may fit better.",translating_or_rendering_meaning; explaining_cultural_reference; adapting_text_for_audience,Use when the sentence as a whole communicatively performs this function: Creates shared understanding across cultures.,Do not use for a sentence that merely mentions this topic or contains a surface cue; tag the whole-sentence communicative purpose.,Positive examples explicitly perform the named communicative function. Near misses share a surface cue or topic area but should be tagged by the whole-sentence purpose.,standard,not_amended_in_v1,0,
230,Plurilingual and pluricultural functions,12.2,Pluricultural communication,PLC_06,adapting_to_cultural_context,Adapts communication to cultural expectations.,no,B2,C1,In Spanish this word means something different from the English word. || The speaker explains the cultural meaning of the greeting.,"The sentence only contains a surface cue associated with this label. || A more specific reporting, narration, explanation or evaluation label may fit better.",translating_or_rendering_meaning; explaining_cultural_reference; adapting_text_for_audience,Use when the sentence as a whole communicatively performs this function: Adapts communication to cultural expectations.,Do not use for a sentence that merely mentions this topic or contains a surface cue; tag the whole-sentence communicative purpose.,Positive examples explicitly perform the named communicative function. Near misses share a surface cue or topic area but should be tagged by the whole-sentence purpose.,standard,not_amended_in_v1,0,
231,Strategic communication functions,13.1,Production strategies,STR_01,planning_message,Signals planning or organising what to say.,no,A2,B1,Let me say that another way so it is clearer. || The learner uses the context to guess the meaning of the word.,"The sentence only contains a surface cue associated with this label. || A more specific reporting, narration, explanation or evaluation label may fit better.",reformulating_for_clarity; checking_understanding; inferring_meaning,Use when the sentence as a whole communicatively performs this function: Signals planning or organising what to say.,Do not use for a sentence that merely mentions this topic or contains a surface cue; tag the whole-sentence communicative purpose.,Positive examples explicitly perform the named communicative function. Near misses share a surface cue or topic area but should be tagged by the whole-sentence purpose.,standard,not_amended_in_v1,0,
232,Strategic communication functions,13.1,Production strategies,STR_02,compensating_for_gap,Works around missing language or knowledge.,no,A2,B1,Let me say that another way so it is clearer. || The learner uses the context to guess the meaning of the word.,"The sentence only contains a surface cue associated with this label. || A more specific reporting, narration, explanation or evaluation label may fit better.",reformulating_for_clarity; checking_understanding; inferring_meaning,Use when the sentence as a whole communicatively performs this function: Works around missing language or knowledge.,Do not use for a sentence that merely mentions this topic or contains a surface cue; tag the whole-sentence communicative purpose.,Positive examples explicitly perform the named communicative function. Near misses share a surface cue or topic area but should be tagged by the whole-sentence purpose.,standard,not_amended_in_v1,0,
233,Strategic communication functions,13.1,Production strategies,STR_03,approximating_meaning,Uses approximate expression.,no,A2,B1,Let me say that another way so it is clearer. || The learner uses the context to guess the meaning of the word.,"The sentence only contains a surface cue associated with this label. || A more specific reporting, narration, explanation or evaluation label may fit better.",reformulating_for_clarity; checking_understanding; inferring_meaning,Use when the sentence as a whole communicatively performs this function: Uses approximate expression.,Do not use for a sentence that merely mentions this topic or contains a surface cue; tag the whole-sentence communicative purpose.,Positive examples explicitly perform the named communicative function. Near misses share a surface cue or topic area but should be tagged by the whole-sentence purpose.,standard,not_amended_in_v1,0,
234,Strategic communication functions,13.1,Production strategies,STR_04,self_correcting,Corrects previous wording or content.,no,A2,B1,Let me say that another way so it is clearer. || The learner uses the context to guess the meaning of the word.,"The sentence only contains a surface cue associated with this label. || A more specific reporting, narration, explanation or evaluation label may fit better.",reformulating_for_clarity; checking_understanding; inferring_meaning,Use when the sentence as a whole communicatively performs this function: Corrects previous wording or content.,Do not use for a sentence that merely mentions this topic or contains a surface cue; tag the whole-sentence communicative purpose.,Positive examples explicitly perform the named communicative function. Near misses share a surface cue or topic area but should be tagged by the whole-sentence purpose.,standard,not_amended_in_v1,0,
235,Strategic communication functions,13.1,Production strategies,STR_05,monitoring_accuracy,Checks correctness or appropriateness.,no,A2,B1,Let me say that another way so it is clearer. || The learner uses the context to guess the meaning of the word.,"The sentence only contains a surface cue associated with this label. || A more specific reporting, narration, explanation or evaluation label may fit better.",reformulating_for_clarity; checking_understanding; inferring_meaning,Use when the sentence as a whole communicatively performs this function: Checks correctness or appropriateness.,Do not use for a sentence that merely mentions this topic or contains a surface cue; tag the whole-sentence communicative purpose.,Positive examples explicitly perform the named communicative function. Near misses share a surface cue or topic area but should be tagged by the whole-sentence purpose.,standard,not_amended_in_v1,0,
236,Strategic communication functions,13.1,Production strategies,STR_06,reformulating_message,Reformulates for accuracy or effect.,no,A2,B1,Let me say that another way so it is clearer. || The learner uses the context to guess the meaning of the word.,"The sentence only contains a surface cue associated with this label. || A more specific reporting, narration, explanation or evaluation label may fit better.",reformulating_for_clarity; checking_understanding; inferring_meaning,Use when the sentence as a whole communicatively performs this function: Reformulates for accuracy or effect.,Do not use for a sentence that merely mentions this topic or contains a surface cue; tag the whole-sentence communicative purpose.,Positive examples explicitly perform the named communicative function. Near misses share a surface cue or topic area but should be tagged by the whole-sentence purpose.,standard,not_amended_in_v1,0,
237,Strategic communication functions,13.2,Reception and inference strategies,STR_07,inferring_meaning,Draws meaning from context.,no,A2,B1,Let me say that another way so it is clearer. || The learner uses the context to guess the meaning of the word.,"The sentence only contains a surface cue associated with this label. || A more specific reporting, narration, explanation or evaluation label may fit better.",reformulating_for_clarity; checking_understanding; inferring_meaning,Use when the sentence as a whole communicatively performs this function: Draws meaning from context.,Do not use for a sentence that merely mentions this topic or contains a surface cue; tag the whole-sentence communicative purpose.,Positive examples explicitly perform the named communicative function. Near misses share a surface cue or topic area but should be tagged by the whole-sentence purpose.,standard,not_amended_in_v1,0,
238,Strategic communication functions,13.2,Reception and inference strategies,STR_08,identifying_cues,Uses clues or signals to understand.,no,A2,B1,Let me say that another way so it is clearer. || The learner uses the context to guess the meaning of the word.,"The sentence only contains a surface cue associated with this label. || A more specific reporting, narration, explanation or evaluation label may fit better.",reformulating_for_clarity; checking_understanding; inferring_meaning,Use when the sentence as a whole communicatively performs this function: Uses clues or signals to understand.,Do not use for a sentence that merely mentions this topic or contains a surface cue; tag the whole-sentence communicative purpose.,Positive examples explicitly perform the named communicative function. Near misses share a surface cue or topic area but should be tagged by the whole-sentence purpose.,standard,not_amended_in_v1,0,
239,Strategic communication functions,13.2,Reception and inference strategies,STR_09,predicting_content,Anticipates likely meaning or content.,no,A2,B1,Let me say that another way so it is clearer. || The learner uses the context to guess the meaning of the word.,"The sentence only contains a surface cue associated with this label. || A more specific reporting, narration, explanation or evaluation label may fit better.",reformulating_for_clarity; checking_understanding; inferring_meaning,Use when the sentence as a whole communicatively performs this function: Anticipates likely meaning or content.,Do not use for a sentence that merely mentions this topic or contains a surface cue; tag the whole-sentence communicative purpose.,Positive examples explicitly perform the named communicative function. Near misses share a surface cue or topic area but should be tagged by the whole-sentence purpose.,standard,not_amended_in_v1,0,
240,Strategic communication functions,13.2,Reception and inference strategies,STR_10,distinguishing_main_detail,Separates main point from detail.,no,A2,B1,Let me say that another way so it is clearer. || The learner uses the context to guess the meaning of the word.,"The sentence only contains a surface cue associated with this label. || A more specific reporting, narration, explanation or evaluation label may fit better.",reformulating_for_clarity; checking_understanding; inferring_meaning,Use when the sentence as a whole communicatively performs this function: Separates main point from detail.,Do not use for a sentence that merely mentions this topic or contains a surface cue; tag the whole-sentence communicative purpose.,Positive examples explicitly perform the named communicative function. Near misses share a surface cue or topic area but should be tagged by the whole-sentence purpose.,standard,not_amended_in_v1,0,
241,Strategic communication functions,13.2,Reception and inference strategies,STR_11,recognising_implication,Identifies implied meaning.,no,A2,B1,Let me say that another way so it is clearer. || The learner uses the context to guess the meaning of the word.,"The sentence only contains a surface cue associated with this label. || A more specific reporting, narration, explanation or evaluation label may fit better.",reformulating_for_clarity; checking_understanding; inferring_meaning,Use when the sentence as a whole communicatively performs this function: Identifies implied meaning.,Do not use for a sentence that merely mentions this topic or contains a surface cue; tag the whole-sentence communicative purpose.,Positive examples explicitly perform the named communicative function. Near misses share a surface cue or topic area but should be tagged by the whole-sentence purpose.,standard,not_amended_in_v1,0,
242,Strategic communication functions,13.2,Reception and inference strategies,STR_12,recognising_register_shift,Notices change in register or style.,no,A2,B1,Let me say that another way so it is clearer. || The learner uses the context to guess the meaning of the word.,"The sentence only contains a surface cue associated with this label. || A more specific reporting, narration, explanation or evaluation label may fit better.",reformulating_for_clarity; checking_understanding; inferring_meaning,Use when the sentence as a whole communicatively performs this function: Notices change in register or style.,Do not use for a sentence that merely mentions this topic or contains a surface cue; tag the whole-sentence communicative purpose.,Positive examples explicitly perform the named communicative function. Near misses share a surface cue or topic area but should be tagged by the whole-sentence purpose.,standard,not_amended_in_v1,0,
243,Strategic communication functions,13.3,Mediation strategies,STR_13,simplifying_language,Simplifies expression.,no,B1,B2,Let me say that another way so it is clearer. || The learner uses the context to guess the meaning of the word.,"The sentence only contains a surface cue associated with this label. || A more specific reporting, narration, explanation or evaluation label may fit better.",reformulating_for_clarity; checking_understanding; inferring_meaning,Use when the sentence as a whole communicatively performs this function: Simplifies expression.,Do not use for a sentence that merely mentions this topic or contains a surface cue; tag the whole-sentence communicative purpose.,Positive examples explicitly perform the named communicative function. Near misses share a surface cue or topic area but should be tagged by the whole-sentence purpose.,standard,not_amended_in_v1,0,
244,Strategic communication functions,13.3,Mediation strategies,STR_14,adapting_language,Adapts language to audience.,no,B1,B2,Let me say that another way so it is clearer. || The learner uses the context to guess the meaning of the word.,"The sentence only contains a surface cue associated with this label. || A more specific reporting, narration, explanation or evaluation label may fit better.",reformulating_for_clarity; checking_understanding; inferring_meaning,Use when the sentence as a whole communicatively performs this function: Adapts language to audience.,Do not use for a sentence that merely mentions this topic or contains a surface cue; tag the whole-sentence communicative purpose.,Positive examples explicitly perform the named communicative function. Near misses share a surface cue or topic area but should be tagged by the whole-sentence purpose.,standard,not_amended_in_v1,0,
245,Strategic communication functions,13.3,Mediation strategies,STR_15,streamlining_text,Removes unnecessary detail.,no,B1,B2,Let me say that another way so it is clearer. || The learner uses the context to guess the meaning of the word.,"The sentence only contains a surface cue associated with this label. || A more specific reporting, narration, explanation or evaluation label may fit better.",reformulating_for_clarity; checking_understanding; inferring_meaning,Use when the sentence as a whole communicatively performs this function: Removes unnecessary detail.,Do not use for a sentence that merely mentions this topic or contains a surface cue; tag the whole-sentence communicative purpose.,Positive examples explicitly perform the named communicative function. Near misses share a surface cue or topic area but should be tagged by the whole-sentence purpose.,standard,not_amended_in_v1,0,
246,Strategic communication functions,13.3,Mediation strategies,STR_16,amplifying_dense_text,Expands compressed information.,no,B1,B2,Let me say that another way so it is clearer. || The learner uses the context to guess the meaning of the word.,"The sentence only contains a surface cue associated with this label. || A more specific reporting, narration, explanation or evaluation label may fit better.",reformulating_for_clarity; checking_understanding; inferring_meaning,Use when the sentence as a whole communicatively performs this function: Expands compressed information.,Do not use for a sentence that merely mentions this topic or contains a surface cue; tag the whole-sentence communicative purpose.,Positive examples explicitly perform the named communicative function. Near misses share a surface cue or topic area but should be tagged by the whole-sentence purpose.,standard,not_amended_in_v1,0,
247,Strategic communication functions,13.3,Mediation strategies,STR_17,linking_information,Connects related information.,no,B1,B2,Let me say that another way so it is clearer. || The learner uses the context to guess the meaning of the word.,"The sentence only contains a surface cue associated with this label. || A more specific reporting, narration, explanation or evaluation label may fit better.",reformulating_for_clarity; checking_understanding; inferring_meaning,Use when the sentence as a whole communicatively performs this function: Connects related information.,Do not use for a sentence that merely mentions this topic or contains a surface cue; tag the whole-sentence communicative purpose.,Positive examples explicitly perform the named communicative function. Near misses share a surface cue or topic area but should be tagged by the whole-sentence purpose.,standard,not_amended_in_v1,0,
248,Strategic communication functions,13.3,Mediation strategies,STR_18,checking_mediation_success,Checks that mediation has worked.,no,B1,B2,Let me say that another way so it is clearer. || The learner uses the context to guess the meaning of the word.,"The sentence only contains a surface cue associated with this label. || A more specific reporting, narration, explanation or evaluation label may fit better.",reformulating_for_clarity; checking_understanding; inferring_meaning,Use when the sentence as a whole communicatively performs this function: Checks that mediation has worked.,Do not use for a sentence that merely mentions this topic or contains a surface cue; tag the whole-sentence communicative purpose.,Positive examples explicitly perform the named communicative function. Near misses share a surface cue or topic area but should be tagged by the whole-sentence purpose.,standard,not_amended_in_v1,0,
